,class,split,name,vid,start,end,count,reps
0,front_raise,train,train951.mp4,,,,4.0,6 72 72 132
1,front_raise,train,train952.mp4,,,,10.0,13 62 62 103 103 126 126 146 146 171
2,pull_up,train,test1463.mp4,,,,7.0,21 60 60 98 98 132 132
3,squat,train,test2340.mp4,,,,4.0,0 86 86 155
4,front_raise,train,stu5_11.mp4,0_b43RbenY8,34.0,70.0,6.0,104 179 179 255 255 330
5,bench_pressing,train,stu9_2.mp4,7rXWk9o-M-4,0.0,54.0,3.0,433 482 1020
6,jump_jack,train,stu6_18.mp4,n745BffnR4A,0.0,49.0,11.0,375 424 511 558 575 614 654 708 720 789 837
7,front_raise,train,stu4_14.mp4,wxzEul89zR0,51.0,71.0,5.0,6 87 87 177 177
8,bench_pressing,train,stu8_3.mp4,ibJpes2YX8U,23.0,55.0,9.0,0 95 95 188 188 272 272 364 364
9,situp,train,stu4_54.mp4,hlgMZedU1sY,42.0,88.0,4.0,524 700 760 948
10,bench_pressing,train,test128.mp4,,,,2.0,3 38
11,squat,train,stu4_66.mp4,g83v1m2P4_g,45.0,90.0,27.0,62 94 96 130 132 168 172 210 215 250 262 297 298 327 333 371 373 407 413 449 453 491 492 524 530 563 569
12,situp,train,stu5_61.mp4,pMS2dU0FuPk,85.0,94.0,2.0,72 117
13,pull_up,train,stu6_35.mp4,ybaXTQ_a7TA,0.0,11.0,5.0,22 89 89 147 149
14,bench_pressing,train,val77.mp4,,,,3.0,0 43 43
15,squat,train,stu9_63.mp4,64Y98mkzAWk,46.0,91.0,20.0,25 80 81 135 135 196 196 254 254 316 317 384 384 457 457 526 526 583 583 643
16,situp,train,stu5_52.mp4,BqeCsMnLvEY,0.0,40.0,4.0,466 534 534 622
17,pull_up,train,stu2_35.mp4,14fULM1Cu64,44.0,71.0,6.0,77 177 177 249 249 335
18,bench_pressing,train,stu6_1.mp4,,,,5.0,66 152 228 331 353
19,situp,train,stu7_57.mp4,IwxrptpeIw8,1.0,61.0,43.0,2 36 36 79 79 121 121 163 163 210 210 250 251 293 294 335 336 382 382 420 421 465 466 509 509 553 554 596 597 641 641 683 684 727 728 770 771 812 813 854 856 899 900
20,bench_pressing,train,train133.mp4,,,,10.0,5 32 32 61 61 92 92 119 119 145
21,push_up,train,stu7_49.mp4,OkVPzt629TQ,0.0,60.0,50.0,309 354 354 382 382 403 403 426 426 450 451 472 472 495 495 515 515 536 536 557 558 578 579 600 600 623 623 644 644 666 666 687 687 709 710 732 732 754 755 774 774 798 798 818 820 843 844 863 863 885
22,push_up,train,stu9_51.mp4,qrE7_QjJggI,32.0,92.0,62.0,4 24 24 43 43 61 61 81 81 101 102 119 119 137 137 155 155 174 174 193 193 213 213 232 232 251 251 269 269 286 286 305 305 323 323 343 343 363 363 381 381 398 398 420 420 438 438 457 457 476 476 496 496 513 513 532 533 552 552 571 572 590
23,situp,train,train3301.mp4,,,,4.0,0 21 21 40
24,push_up,train,stu10_50.mp4,r9lb-nR-UV0,19.0,50.0,31.0,8 32 32 53 53 72 72 94 94 113 113 136 137 156 156 178 178 199 199 220 220 238 238 261 261 283 283 304 304 326 326
25,pull_up,train,stu8_35.mp4,4xJ5qkzeSwY,0.0,50.0,11.0,276 357 357 436 436 526 526 616 616 699 699
26,squat,train,stu1_68.mp4,5ZShK3AlGCk,60.0,99.0,20.0,63 106 106 148 148 190 190 237 237 278 278 311 311 359 359 392 392 439 439 477
27,jump_jack,train,train1605.mp4,,,,5.0,15 56 57 99 100
28,front_raise,train,train940.mp4,,,,5.0,45 94 94 148 148
29,jump_jack,train,stu7_34.mp4,XTzgm-pMQ6I,150.0,190.0,44.0,22 48 48 71 71 94 94 117 117 140 141 161 161 183 183 205 206 227 227 248 248 271 271 293 293 315 315 336 337 358 358 379 379 402 402 424 424 446 447 467 467 490 490 510
30,situp,train,stu2_58.mp4,LHY__QaZKFs,0.0,60.0,37.0,9 52 53 98 98 141 141 195 195 239 239 287 287 333 333 378 378 418 418 453 453 502 503 543 543 601 602 643 643 689 689 741 741 789 789 844 844
31,situp,train,stu4_50.mp4,6QhWyFGsn20,0.0,30.0,3.0,136 227 228
32,pull_up,train,stu1_33.mp4,Fo7g3PVkvaU,0.0,77.0,28.0,16 56 56 91 91 130 130 172 172 201 201 237 237 273 273 302 302 341 341 377 377 413 413 446 446 482 482 519
33,front_raise,train,stu9_22.mp4,PPrzBWZDOhA,26.0,56.0,6.0,39 124 124 207 207 277
34,bench_pressing,train,stu7_3.mp4,5V70vCrxDJI,0.0,31.0,12.0,90 167 168 206 206 242 243 281 281 330 330 388
35,front_raise,train,stu1_14.mp4,8yNAt8Jz9QI,30.0,58.0,3.0,15 227 227
36,push_up,train,stu3_42.mp4,1DxWY0nLEF0,70.0,104.0,10.0,5 62 62 133 133 183 183 247 247 312
37,jump_jack,train,stu4_15.mp4,1YkQzg9FKiA,0.0,16.0,16.0,8 37 38 67 67 96 97 124 124 152 152 178 178 205 206 234
39,front_raise,train,train987.mp4,,,,7.0,0 36 36 78 78 118 118
40,squat,train,stu8_64.mp4,EzDxwv3wASY,405.0,415.0,3.0,7 88 88
41,pull_up,train,stu4_39.mp4,zI9hkZ5BLqQ,0.0,12.0,1.0,124
42,pull_up,train,stu2_40.mp4,nd2fYda5bSk,0.0,32.0,12.0,32 84 84 150 150 193 193 238 238 280 280 334
43,front_raise,train,stu7_18.mp4,D-3JnFrFUOw,35.0,60.0,5.0,40 207 208 337 338
44,bench_pressing,train,train160.mp4,,,,7.0,5 53 53 91 91 133 133
45,squat,train,stu7_67.mp4,QifjltKUMCk,33.0,100.0,29.0,118 165 166 208 211 252 252 293 294 339 339 381 383 419 420 459 460 498 500 539 585 642 642 676 676 721 721 750 750
46,bench_pressing,train,train180.mp4,,,,3.0,0 65 65
47,pull_up,train,stu6_29.mp4,JDSAMkog_Rk,55.0,66.0,5.0,24 76 86 118 121
48,push_up,train,stu10_46.mp4,NyxauLdbs64,30.0,60.0,11.0,5 56 56 112 112 138 138 172 172 206 206
49,pull_up,train,stu6_33.mp4,sRw4coFzNx4,13.0,52.0,6.0,0 33 33 85 86 251
50,pull_up,train,stu4_33.mp4,Gb83zZEDvXs,100.0,116.0,6.0,52 103 103 156 156 207
51,squat,train,stu3_65.mp4,keg8Zh7Gmhg,143.0,180.0,6.0,83 184 184 292 292 391
52,front_raise,train,stu6_8.mp4,e8my9OOCXVo,48.0,78.0,6.0,19 110 111 191 198 346
53,pull_up,train,stu1_41.mp4,twIW8oc9PlI,21.0,81.0,12.0,72 122 122 191 191 256 256 326 326 398 398 467
54,push_up,train,train2719.mp4,,,,3.0,3 88 88
55,front_raise,train,stu9_26.mp4,wZnsZsMywrY,30.0,45.0,3.0,142 239 239
56,situp,train,stu7_60.mp4,ro0svIr1UTI,68.0,108.0,26.0,60 96 97 135 136 177 179 222 222 260 262 309 310 354 355 401 402 450 452 500 502 546 549 585 587 622
58,bench_pressing,train,stu8_1.mp4,2SlOG8kCn8o,0.0,24.0,3.0,172 270 270
59,squat,train,stu10_64.mp4,AkT09R7KTH0,1.0,14.0,2.0,0 105
60,jump_jack,train,stu10_31.mp4,zAiSg_BOImI,23.0,33.0,10.0,8 41 41 66 66 92 92 116 117 141
61,push_up,train,train2712.mp4,,,,6.0,1 41 41 89 89 146
62,jump_jack,train,stu1_22.mp4,2CUyDdztieE,1.0,10.0,9.0,1 23 23 45 45 66 66 90 90
63,jump_jack,train,stu4_25.mp4,Q7Qg_9qMC6o,15.0,35.0,6.0,9 40 40 73 268 306
64,squat,train,stu3_61.mp4,BcuUysdQs4k,275.0,320.0,19.0,2 65 65 145 145 216 216 293 293 366 366 430 430 500 500 571 571 642 642
65,squat,train,stu8_63.mp4,EvwZsIoYUJg,300.0,360.0,26.0,1 62 62 134 134 194 194 263 263 329 329 394 394 466 467 527 527 593 593 655 655 716 716 784 784 848
66,front_raise,train,stu2_20.mp4,ODPGbGJPJOE,62.0,93.0,13.0,79 145 145 198 198 251 251 304 304 360 360 412 412
67,front_raise,train,stu10_16.mp4,bQrByXB9CAs,0.0,15.0,6.0,22 94 94 147 147 197
68,push_up,train,stu10_53.mp4,ymE1AA3xh0Q,7.0,30.0,23.0,71 98 98 124 124 149 150 174 174 197 198 222 222 247 247 272 272 299 299 325 325 348 349
69,situp,train,val1089.mp4,,,,4.0,4 49 49 97
70,squat,train,stu3_62.mp4,e1UYgO67zkw,125.0,161.0,13.0,7 89 89 156 156 240 240 326 326 394 394 477 477
71,situp,train,stu8_56.mp4,y-BkLY8jyuw,0.0,15.0,4.0,22 110 110 178
72,push_up,train,stu10_51.mp4,uNG7XvD93ZU,0.0,60.0,54.0,8 33 33 57 57 81 81 105 105 129 129 154 154 176 176 199 199 223 223 247 248 270 270 294 295 318 318 340 340 362 362 387 388 411 411 435 435 459 459 484 484 507 507 531 531 554 554 577 577 602 602 626 626 649
73,squat,train,stu8_69.mp4,REjznoKN8Q8,143.0,184.0,19.0,13 80 80 179 179 240 240 294 294 362 362 414 414 480 480 537 537 593 593
74,squat,train,stu7_63.mp4,94gqJHxjd0o,332.0,384.0,12.0,286 374 375 477 481 578 581 696 700 804 807 899
75,pull_up,train,stu9_35.mp4,G2nZtI9OP14,70.0,100.0,5.0,0 87 87 181 484
76,push_up,train,stu8_44.mp4,OzQJlNy4_6U,20.0,80.0,22.0,805 849 849 882 882 920 920 953 953 987 987 1019 1019 1059 1059 1093 1093 1130 1130 1161 1161 1199
77,situp,train,train3319.mp4,,,,1.0,0
78,bench_pressing,train,stu8_4.mp4,ibJpes2YX8U,77.0,109.0,6.0,0 113 113 283 283 484
79,push_up,train,stu3_44.mp4,CwwW8Pkm7po,137.0,167.0,11.0,19 61 156 193 193 230 230 269 269 306 306
80,squat,train,stu7_64.mp4,ayoTi6umipE,189.0,232.0,11.0,17 84 155 223 224 269 269 303 303 344 687
81,pull_up,train,train2568.mp4,,,,3.0,10 84 88
82,situp,train,train3386.mp4,,,,5.0,0 68 68 124 124
83,push_up,train,stu5_48.mp4,_b-Hnxa9rD0,135.0,194.0,7.0,54 180 180 449 449 604 604
84,pull_up,train,train2570.mp4,,,,4.0,29 78 86 132
85,front_raise,train,test586.mp4,,,,7.0,19 56 56 99 99 136 136
86,pull_up,train,stu2_38.mp4,Aj8w6fWUI84,165.0,195.0,8.0,136 213 213 295 295 379 379 460
87,situp,train,stu5_56.mp4,DSOYwF705OM,47.0,99.0,29.0,331 377 377 426 426 473 473 515 515 554 555 591 592 625 625 666 666 708 709 750 750 789 789 830 830 874 874 914 914
88,squat,train,train3948.mp4,,,,2.0,5 129
89,pull_up,train,stu5_30.mp4,14fULM1Cu64,17.0,41.0,4.0,19 103 103 249
90,situp,train,stu9_58.mp4,knUi-_EnCTM,137.0,170.0,16.0,4 55 55 97 97 155 155 207 207 253 253 303 304 352 352 398
91,front_raise,train,stu1_20.mp4,RY4ajdkOZi8,1.0,12.0,3.0,36 105 105
92,situp,train,train3366.mp4,,,,2.0,0 97
93,pull_up,train,train2501.mp4,,,,2.0,11 119
94,situp,train,stu1_55.mp4,5IFhWltecOk,0.0,49.0,5.0,762 806 806 871 871
95,front_raise,train,stu3_9.mp4,BDB6-J6TBVc,0.0,30.0,12.0,24 84 84 145 145 210 210 278 278 350 350 422
96,bench_pressing,train,stu8_5.mp4,kT5YHy0I9Ys,7.0,67.0,47.0,118 138 138 158 158 176 176 193 193 214 214 232 232 254 254 275 275 292 292 311 311 332 332 350 350 368 368 388 388 405 405 424 424 445 445 462 462 481 481 500 500 520 520 539 539 558 558
97,squat,train,stu4_61.mp4,0yoz2vZ8soY,10.0,64.0,10.0,493 670 731 815 823 910 922 1003 1018 1085
98,pull_up,train,stu6_28.mp4,8hyRCFlVFpc,90.0,140.0,13.0,18 86 109 178 205 278 349 439 557 626 715 807 840
100,situp,train,stu5_50.mp4,aMlTe3avTB4,0.0,30.0,1.0,661
101,jump_jack,train,stu2_28.mp4,2J2g7XOr2i4,236.0,270.0,31.0,40 62 62 83 83 106 106 128 128 152 152 172 172 195 195 217 217 240 240 262 262 284 284 306 306 329 329 351 351 373 373
103,bench_pressing,train,stu1_9.mp4,UWhSOCvSWSQ,0.0,51.0,10.0,245 342 342 462 640 726 726 823 823 906
105,pull_up,train,stu1_32.mp4,FclvA-iha-I,31.0,50.0,8.0,76 120 120 170 170 218 218 272
106,bench_pressing,train,stu7_14.mp4,_lnaOyvFw9w,840.0,900.0,29.0,2 29 32 66 67 98 99 135 135 175 175 208 209 247 248 284 286 321 321 360 361 393 395 437 438 477 478 515 516
107,pull_up,train,stu1_35.mp4,L0uNkYTx14k,12.0,72.0,35.0,30 55 55 82 82 112 112 139 139 165 165 186 186 212 212 235 235 268 268 290 290 317 317 346 346 372 372 405 405 429 429 457 457 487 487
109,squat,train,stu6_58.mp4,3xGDnPAkUWA,210.0,225.0,5.0,1 59 59 123 124
110,jump_jack,train,stu3_29.mp4,sgYXpcQNPNw,99.0,151.0,28.0,157 190 190 224 224 257 257 288 288 321 321 379 379 431 431 464 464 496 496 528 528 563 563 593 594 623 624 665
111,situp,train,stu2_63.mp4,RpnujV5nIBY,3.0,31.0,11.0,56 111 111 181 181 253 254 328 328 389 390
112,pull_up,train,stu3_38.mp4,QRHFQRlhQcY,0.0,42.0,9.0,10 87 87 161 161 237 237 328 329
113,push_up,train,stu8_40.mp4,aRwe62ZMmYY,33.0,93.0,4.0,210 374 375 512
114,jump_jack,train,stu5_20.mp4,bSBXCDRa9Q8,0.0,28.0,5.0,179 262 262 345 345
115,bench_pressing,train,train156.mp4,,,,3.0,6 87 87
131,pull_up,train,stu4_34.mp4,o447zV8Nddc,28.0,94.0,17.0,97 135 135 174 174 211 211 252 253 289 290 328 328 365 365 407 407
132,front_raise,train,stu10_23.mp4,TvaaxY66xpo,1.0,23.0,9.0,39 87 87 138 138 188 188 237 365
133,situp,train,stu10_58.mp4,GbLNNOLDKZI,19.0,41.0,5.0,29 170 170 255 256
134,bench_pressing,train,stu1_4.mp4,kA5VqR9eQJA,55.0,85.0,3.0,29 151 151
135,push_up,train,val912.mp4,,,,1.0,0
136,push_up,train,stu6_38.mp4,1DxWY0nLEF0,12.0,54.0,16.0,93 138 138 170 170 194 196 223 225 258 259 288 292 319 321 351
152,front_raise,train,stu8_17.mp4,8iTxaA423pU,90.0,130.0,23.0,69 121 121 170 170 219 219 269 269 319 319 369 369 417 417 456 457 505 505 554 554 603 603
153,situp,train,stu1_63.mp4,QOPewYLQEdU,0.0,34.0,33.0,6 24 24 46 46 69 69 93 93 119 119 151 151 179 179 212 212 239 239 270 270 299 299 329 329 356 356 383 383 411 411 444 444
154,bench_pressing,train,stu10_10.mp4,x5Li6W-NQ-M,165.0,220.0,16.0,152 256 257 360 360 487 487 566 566 658 658 779 779 870 870 1008
155,pull_up,train,val824.mp4,,,,5.0,15 79 80 142 144
156,situp,train,stu7_54.mp4,cCvi9QiZiXk,0.0,26.0,19.0,87 130 130 164 164 200 200 236 236 272 272 307 308 344 345 378 378 416 417
157,squat,train,stu5_70.mp4,VGpVXfQUFEw,9.0,45.0,6.0,132 186 186 233 233 284
158,push_up,train,val890.mp4,,,,5.0,2 62 62 124 125
159,situp,train,val1074.mp4,,,,4.0,0 54 54 125
160,push_up,train,stu4_41.mp4,D5U7c0xvkQQ,42.0,75.0,35.0,100 124 124 146 146 172 172 198 198 221 221 236 236 262 263 286 287 313 313 336 337 358 359 386 387 409 410 434 435 457 459 486 488 510 511
161,squat,train,stu3_64.mp4,kA9cgotUSns,0.0,54.0,19.0,6 84 84 146 146 212 212 281 281 354 354 428 428 500 500 583 583 657 657
162,bench_pressing,train,stu5_8.mp4,XZfsqdCOiTg,108.0,130.0,1.0,549
163,front_raise,train,stu10_18.mp4,fVPB3FN8OXg,15.0,48.0,4.0,63 457 457 724
164,front_raise,train,stu6_10.mp4,H6RPefFMfjg,124.0,142.0,3.0,57 167 174
165,squat,train,stu5_66.mp4,p9MklU-_SDw,151.0,184.0,12.0,202 271 271 335 335 400 400 462 462 525 525 585
166,front_raise,train,train1005.mp4,,,,4.0,1 60 60 131
167,pull_up,train,val817.mp4,,,,4.0,5 32 32 100
168,push_up,train,stu2_49.mp4,lnR_kb5Wjf8,154.0,200.0,18.0,84 166 166 225 225 288 288 353 354 421 421 489 489 544 544 605 606 665
169,front_raise,train,stu9_20.mp4,kDqklk1ZESo,60.0,86.0,7.0,64 147 147 225 225 290 291
170,squat,train,val1235.mp4,,,,2.0,5 141
171,bench_pressing,train,train181.mp4,,,,2.0,26 172
172,jump_jack,train,train1617.mp4,,,,17.0,4 21 24 34 36 46 49 63 86 100 111 126 137 153 155 167 169
173,push_up,train,stu2_46.mp4,D5U7c0xvkQQ,80.0,122.0,21.0,0 21 21 48 48 74 75 100 102 126 126 156 156 184 184 213 213 245 245 279 461
174,situp,train,stu1_62.mp4,nyjvB2woz20,88.0,124.0,19.0,141 184 184 231 231 271 271 314 314 364 364 417 417 459 459 506 506 551 551
175,front_raise,train,stu4_13.mp4,wpY-t1H_Ztk,0.0,15.0,6.0,4 65 65 135 135 209
176,front_raise,train,stu5_13.mp4,ho8gQ8SdhJY,1.0,12.0,4.0,0 60 60 129
177,bench_pressing,train,stu10_9.mp4,V3d_Wrkkkbc,242.0,268.0,9.0,0 51 51 132 132 209 210 285 285
178,front_raise,train,stu10_15.mp4,ALNyDCkW9y8,360.0,390.0,17.0,14 73 73 127 135 180 180 226 226 268 268 313 313 356 356 404 404
179,pull_up,train,stu5_31.mp4,1anF-jFbX-U,47.0,73.0,10.0,9 61 61 109 109 170 170 246 246 311
180,jump_jack,train,stu4_23.mp4,pD8R3oYSJ3s,14.0,70.0,21.0,181 208 208 237 237 261 367 400 400 430 430 469 469 503 929 981 983 1033 1033 1092 1092
181,push_up,train,stu5_43.mp4,bgszpCJeUbc,36.0,70.0,14.0,56 116 116 178 178 242 242 313 313 381 381 439 439 499
182,squat,train,train3959.mp4,,,,2.0,5 77
183,squat,train,stu3_59.mp4,2yoH7z6SMB8,2.0,8.0,1.0,13
184,situp,train,train3323.mp4,,,,5.0,16 72 73 124 124
185,jump_jack,train,train1640.mp4,,,,10.0,13 39 41 59 59 86 87 109 109 133
186,push_up,train,stu2_45.mp4,bJff6PsTiqU,0.0,10.0,4.0,5 64 64 139
187,bench_pressing,train,stu10_3.mp4,6v4PbnCsOGI,53.0,83.0,6.0,340 419 419 478 479 541
188,bench_pressing,train,stu5_7.mp4,5nP-bW231kY,28.0,88.0,25.0,37 61 61 88 88 112 112 138 138 162 162 188 188 214 214 242 242 268 268 298 298 329 359 391 391
189,situp,train,stu4_52.mp4,D1If9dcg4Ks,0.0,32.0,8.0,1 68 68 158 159 275 277 381
190,bench_pressing,train,stu8_6.mp4,N7qPhU7UibA,104.0,137.0,8.0,302 380 380 435 435 485 485 555
191,pull_up,train,stu9_41.mp4,M5QJHZvDHEw,49.0,109.0,9.0,56 160 160 267 660 765 765 848 848
192,squat,train,stu6_67.mp4,QKEhozqGSN8,313.0,364.0,20.0,49 86 88 136 137 189 191 239 242 290 292 343 347 391 394 444 450 491 506 547
193,pull_up,train,stu3_36.mp4,nGL1edUrI-Q,229.0,264.0,8.0,139 246 246 340 340 432 432 553
194,situp,train,stu1_65.mp4,WvB66KLfmc4,0.0,10.0,3.0,39 124 124
195,squat,train,test2319.mp4,,,,7.0,0 37 37 66 66 98 98
196,jump_jack,train,stu4_26.mp4,QLrMu4mEZvw,198.0,258.0,20.0,131 188 188 252 253 309 309 369 370 428 429 483 484 541 541 604 604 661 662 723
197,front_raise,train,stu3_11.mp4,nuMpzNHdzJk,35.0,45.0,3.0,17 100 100
198,pull_up,train,test1448.mp4,,,,7.0,9 38 38 68 68 97 97
200,pull_up,train,stu5_35.mp4,eg35fRAXgaQ,10.0,50.0,11.0,16 88 88 149 149 222 222 296 296 383 383
201,squat,train,stu4_62.mp4,94gqJHxjd0o,201.0,255.0,14.0,37 112 145 217 223 313 327 419 435 536 551 647 666 745
202,pull_up,train,stu6_36.mp4,ZASGXNkcUgo,82.0,115.0,5.0,58 137 139 219 547
203,front_raise,train,test531.mp4,,,,4.0,0 79 79 151
204,pull_up,train,stu9_42.mp4,mhIDjXrNobc,0.0,41.0,30.0,183 221 221 251 251 282 282 313 313 344 344 372 372 402 402 431 431 461 461 491 491 520 520 549 549 576 577 607 607 634
205,front_raise,train,stu2_17.mp4,hFo-LIkCozU,13.0,43.0,5.0,48 147 147 298 298
206,front_raise,train,stu9_16.mp4,BMBJR9j6-3w,149.0,174.0,6.0,46 127 128 202 202 285
207,bench_pressing,train,stu7_0.mp4,0dPfEA_PUqM,0.0,31.0,1.0,428
208,front_raise,train,stu1_15.mp4,DOkR3ce3t40,10.0,20.0,1.0,59
209,front_raise,train,stu7_23.mp4,vMfLbnc-xhs,22.0,41.0,4.0,0 100 100 201
211,jump_jack,train,stu8_30.mp4,TRLcSUurpck,12.0,65.0,58.0,7 35 35 63 63 91 91 117 117 142 142 171 171 197 197 225 225 252 252 279 279 308 308 335 335 361 361 388 388 415 415 440 440 467 467 497 497 522 522 549 549 576 576 603 603 629 629 653 653 682 682 711 711 738 738 767 767 792
212,bench_pressing,train,stu9_5.mp4,KbIL9FMKR08,473.0,521.0,13.0,81 131 131 172 172 238 239 284 284 334 334 385 385
213,squat,train,stu2_72.mp4,tvlJoPrgeMI,764.0,790.0,12.0,2 75 75 133 133 192 193 254 254 313 313 370
214,bench_pressing,train,stu6_5.mp4,zB3-W1lPvng,178.0,233.0,12.0,63 163 163 306 534 598 598 675 675 762 856 957
215,bench_pressing,train,stu9_10.mp4,XQjEHDMvbqY,381.0,429.0,16.0,234 282 282 320 320 359 359 394 394 429 429 466 466 505 505 544
216,situp,train,stu10_59.mp4,IiP-owh_gyU,40.0,70.0,9.0,122 253 253 330 330 405 405 477 478
217,pull_up,train,test1465.mp4,,,,6.0,8 47 47 85 85 132
218,pull_up,train,stu7_38.mp4,IJFsnJRTeoM,20.0,81.0,20.0,16 83 84 156 156 229 229 303 303 382 382 455 455 540 540 619 619 696 697 774
219,situp,train,stu9_61.mp4,spJlRK4vx_0,75.0,90.0,5.0,11 67 67 123 123
220,squat,train,train3944.mp4,,,,2.0,5 89
221,jump_jack,train,val568.mp4,,,,55.0,1 8 9 12 12 17 17 22 22 29 29 35 36 41 41 45 45 50 50 55 55 60 60 66 66 72 72 77 77 82 82 87 87 92 92 97 97 102 102 107 107 112 112 117 117 123 123 128 129 133 134 138 139 144 144
222,front_raise,train,stu9_27.mp4,Yo7S6WrvuPQ,108.0,135.0,17.0,6 60 61 111 198 241 241 279 280 316 316 359 359 399 399 436 437
223,situp,train,train3303.mp4,,,,2.0,0 166
224,pull_up,train,stu3_34.mp4,8bMH78ZpJVw,157.0,206.0,5.0,166 401 401 496 687
225,bench_pressing,train,stu1_10.mp4,YivkTSZ1Hdo,,,3.0,292 584 584
226,bench_pressing,train,test153.mp4,,,,5.0,5 27 27 67 67
227,bench_pressing,train,stu4_3.mp4,cNKrFZwFH6M,92.0,126.0,4.0,97 97 234 315
228,pull_up,train,stu9_38.mp4,hkBcTOa21oQ,168.0,187.0,5.0,46 126 126 219 220
229,pull_up,train,stu8_39.mp4,WARHA1TXadg,0.0,24.0,16.0,1 22 22 48 48 73 73 123 123 159 159 200 200 240 240 294
230,jump_jack,train,val578.mp4,,,,2.0,5 60
231,bench_pressing,train,stu7_2.mp4,29Qd3OaUp10,705.0,750.0,19.0,295 353 355 385 386 416 417 449 449 481 483 516 517 548 549 582 582 616 617
232,front_raise,train,val359.mp4,,,,1.0,3
233,squat,train,stu2_69.mp4,EvwZsIoYUJg,232.0,297.0,21.0,468 568 568 636 636 710 710 770 770 837 837 899 899 965 965 1031 1032 1087 1087 1156 1156
234,situp,train,stu2_66.mp4,Zxf3ZzVrf4g,0.0,23.0,6.0,7 88 89 174 174 258
235,jump_jack,train,stu2_32.mp4,WHV15tr-4AM,0.0,42.0,98.0,5 20 20 35 35 48 48 61 61 75 75 86 86 99 99 112 112 124 124 137 137 150 150 163 163 176 176 188 188 201 201 212 212 226 226 239 239 251 251 264 264 276 276 290 290 301 301 313 313 326 326 338 338 352 352 365 365 378 378 391 391 402 402 416 416 428 428 441 441 453 453 467 467 479 479 492 492 505 505 518 518 532 532 544 544 557 557 570 570 582 582 596 596 608 608 620 620 634
236,squat,train,val1250.mp4,,,,4.0,3 40 40 102
237,push_up,train,stu1_51.mp4,qEmznUhN6IE,0.0,60.0,40.0,23 80 80 143 143 209 209 262 262 328 328 403 403 475 475 520 520 543 543 574 574 600 600 624 624 652 652 681 681 712 712 734 882 939 939 1003 1003 1069 1069 1157
238,situp,train,stu8_50.mp4,Cc23KbxfAG8,64.0,107.0,5.0,246 346 346 421 421
239,bench_pressing,train,stu4_7.mp4,xdUDEM3dTXw,134.0,168.0,12.0,31 88 88 150 150 216 216 286 287 355 357 427
240,squat,train,stu5_64.mp4,ILwri9oaKJE,530.0,553.0,20.0,29 57 57 83 83 111 111 137 137 163 163 191 191 215 215 242 242 273 273 299
241,front_raise,train,stu5_14.mp4,kvFlGwryWVI,10.0,36.0,9.0,0 75 75 157 157 242 242 331 331
242,jump_jack,train,stu3_23.mp4,Mu9YEqrHJmc,5.0,33.0,38.0,42 70 70 91 91 111 111 132 132 154 154 173 173 194 194 214 214 235 235 256 256 277 277 298 298 318 318 338 338 359 359 380 380 400 400 421 421 440
243,bench_pressing,train,train139.mp4,,,,1.0,25
244,squat,train,stu1_71.mp4,mcJatvMdW1o,290.0,320.0,4.0,177 278 278 429
246,push_up,train,stu4_42.mp4,daPqEbzJV1k,385.0,430.0,50.0,228 249 250 262 262 280 280 292 292 307 307 318 318 332 332 352 352 368 368 384 384 399 399 415 415 429 430 444 445 457 457 472 472 488 488 500 501 514 514 528 529 542 543 557 557 570 570 585 585 599
247,pull_up,train,stu4_36.mp4,U7baeyLUJ2s,41.0,85.0,6.0,56 113 476 549 578 684
248,push_up,train,stu10_41.mp4,9YnPwI0zLUA,290.0,320.0,8.0,0 83 83 150 150 234 370 443
250,front_raise,train,stu7_15.mp4,,,,4.0,1 107 108 209
251,push_up,train,stu2_47.mp4,iE7-4S_y6gk,10.0,70.0,20.0,0 67 67 129 129 201 201 263 263 339 339 419 419 487 488 561 563 640 641 718
252,pull_up,train,train2527.mp4,,,,4.0,40 105 105 171
253,pull_up,train,stu10_38.mp4,p9AzXhVourc,89.0,119.0,10.0,216 270 270 311 311 359 359 409 409 451
254,situp,train,stu1_64.mp4,WplRv0mIGFQ,0.0,36.0,9.0,278 321 321 390 390 460 460 528 528
255,front_raise,train,stu3_13.mp4,RahcrQ5TCbI,1.0,13.0,3.0,87 183 183
256,push_up,train,stu1_52.mp4,taNipR5bolA,62.0,122.0,30.0,4 39 39 68 68 93 93 119 119 144 144 181 181 219 219 261 261 292 317 353 353 395 395 426 643 675 675 704 804 836
257,push_up,train,stu10_54.mp4,ZrUV10xL7bM,19.0,58.0,14.0,65 125 125 192 192 249 249 305 305 367 367 430 430 486
260,front_raise,train,test558.mp4,,,,2.0,0 127
261,push_up,train,stu2_54.mp4,V9ybiwWyqdo,13.0,34.0,23.0,50 76 77 94 94 117 118 139 139 165 166 184 184 205 205 228 229 249 250 273 273 298 298
262,jump_jack,train,val581.mp4,,,,4.0,0 46 46 118
263,jump_jack,train,test989.mp4,,,,9.0,2 15 16 27 28 40 41 58 59
264,bench_pressing,train,stu8_15.mp4,XZfsqdCOiTg,42.0,80.0,13.0,75 153 153 204 204 254 254 338 338 386 386 430 430
265,bench_pressing,train,stu8_8.mp4,p311ZaPEu0o,23.0,58.0,11.0,98 170 170 235 235 302 302 381 381 475 475
266,front_raise,train,stu4_9.mp4,hlGqT6XDA9w,25.0,55.0,4.0,59 254 275 407
267,situp,train,stu2_64.mp4,VKSbf7kgFmw,0.0,60.0,36.0,0 84 84 122 122 161 161 197 197 233 233 269 269 309 309 348 348 386 386 422 422 461 461 501 501 540 540 577 577 615 615 658 658 694 694 735
268,squat,train,stu6_59.mp4,aFkr62fgNEU,56.0,76.0,10.0,26 66 66 100 100 141 142 181 181 222
269,front_raise,train,train929.mp4,,,,4.0,2 49 49 108
270,front_raise,train,test555.mp4,,,,4.0,28 84 84 147
271,situp,train,val1076.mp4,,,,2.0,0 143
272,situp,train,stu5_57.mp4,HQmsZBy09Lg,0.0,60.0,19.0,101 306 306 378 378 470 470 556 556 642 642 730 730 817 817 904 904 945 946
273,squat,train,stu9_69.mp4,mGvzVjuY8SY,35.0,120.0,21.0,11 105 105 228 228 340 340 444 444 544 544 646 646 749 749 858 858 962 962 1063 1138
274,pull_up,train,val828.mp4,,,,4.0,0 54 56 119
275,situp,train,stu1_56.mp4,5nkD3qZcES0,4.0,64.0,141.0,272 283 283 291 291 300 300 310 310 319 319 328 328 337 337 347 347 357 357 365 365 375 375 383 383 392 392 400 400 410 410 420 420 430 430 439 439 447 447 457 457 467 467 476 476 485 485 496 496 504 504 514 514 523 523 533 533 542 542 550 550 560 560 568 568 578 578 587 587 598 598 608 608 615 615 626 626 634 634 645 645 654 654 665 665 674 674 684 684 694 694 703 703 712 712 722 722 730 730 740 740 749 749 758 758 768 768 776 776 787 787 797 797 806 806 814 814 823 823 831 831 840 840 850 850 861 861 870 870 879 879 889 889 898 898 907 907 917 917 927 927
276,push_up,train,train2734.mp4,,,,2.0,1 131
277,push_up,train,train2649.mp4,,,,4.0,12 74 77 143
278,bench_pressing,train,stu1_2.mp4,BObC9zHTVfQ,100.0,140.0,7.0,160 282 282 407 407 505 505
279,front_raise,train,stu8_22.mp4,su7laGbU5eo,67.0,90.0,10.0,4 50 51 94 94 133 133 172 172 211
280,push_up,train,stu2_52.mp4,QSmTmY0Odwk,63.0,103.0,6.0,597 727 727 799 800 830
281,front_raise,train,stu1_16.mp4,E3abEP8SIh0,20.0,55.0,3.0,616 711 711
282,front_raise,train,stu3_17.mp4,XkwrvZLapJg,0.0,14.0,5.0,7 83 83 157 157
283,bench_pressing,train,test127.mp4,,,,5.0,0 45 45 97 97
284,push_up,train,stu1_46.mp4,5iAkAhJuisI,95.0,135.0,9.0,370 417 417 462 462 502 502 548 548
285,pull_up,train,stu4_38.mp4,vTkomI68dWQ,91.0,133.0,26.0,147 187 187 221 221 253 253 287 288 319 320 353 354 386 387 421 422 453 453 490 491 521 521 556 556 592
286,squat,train,stu10_71.mp4,xqvCmoLULNY,21.0,39.0,4.0,4 158 158 264
287,bench_pressing,train,stu10_4.mp4,blwFtEHnDzI,62.0,98.0,12.0,626 681 681 726 726 757 757 787 787 812 812 838
288,push_up,train,stu7_47.mp4,mm9qySr_HU0,0.0,33.0,16.0,2 51 52 107 113 162 162 216 221 274 278 331 335 383 384 453
289,bench_pressing,train,stu5_6.mp4,4n02ZfAu90I,0.0,50.0,5.0,594 685 685 812 812
290,jump_jack,train,stu3_24.mp4,nGaXj3kkmrU,25.0,46.0,13.0,52 81 81 109 109 197 197 271 271 298 298 326 326
291,situp,train,train3316.mp4,,,,4.0,27 97 97 168
292,front_raise,train,stu4_10.mp4,LMN4-aYTGts,0.0,21.0,13.0,5 42 42 92 93 145 145 194 194 243 243 296 297
293,push_up,train,stu2_50.mp4,mdW72HhohPA,0.0,61.0,25.0,197 427 427 465 465 514 514 565 565 613 613 666 667 719 719 774 774 823 824 873 873 921 921 966 966
294,pull_up,train,stu4_30.mp4,CpwK4m3aXWg,56.0,88.0,1.0,60
295,front_raise,train,stu2_19.mp4,nvufDW-MSQk,30.0,55.0,5.0,29 148 148 272 272
296,bench_pressing,train,stu8_2.mp4,bwgHfdING5E,20.0,50.0,11.0,196 256 256 287 287 316 316 344 344 370 370
297,pull_up,train,stu5_41.mp4,YVi8tlbOTCU,12.0,72.0,34.0,17 55 55 83 83 124 124 157 157 191 191 227 227 261 261 296 297 331 331 367 367 404 404 442 442 478 478 513 513 554 554 593 593 633
298,front_raise,train,stu1_21.mp4,sOcYlBI85hc,25.0,53.0,4.0,190 281 281 371
299,squat,train,val1256.mp4,,,,2.0,60 171
300,push_up,train,stu9_49.mp4,niGHqQ06pe8,30.0,60.0,5.0,342 417 496 559 610
301,push_up,train,stu6_45.mp4,vpOsf18DMic,122.0,154.0,10.0,75 155 156 258 259 339 339 408 408 489
302,bench_pressing,train,stu4_6.mp4,TkiZ3ETFW5c,0.0,58.0,8.0,671 722 722 752 752 785 786 820
303,pull_up,train,stu9_43.mp4,tAtMrszB45o,770.0,830.0,18.0,70 166 166 250 250 331 331 415 415 499 499 587 587 678 678 769 769 871
304,squat,train,test2326.mp4,,,,2.0,5 118
305,jump_jack,train,stu3_30.mp4,VGOa8ajL3aY,0.0,15.0,16.0,0 15 15 26 26 38 38 52 52 64 65 77 77 90 90 102
306,jump_jack,train,stu8_29.mp4,QLrMu4mEZvw,18.0,78.0,41.0,105 139 139 170 170 201 201 231 231 261 261 293 293 319 319 351 351 383 383 412 412 438 438 472 472 500 500 535 535 563 563 590 590 618 618 648 648 678 678 712 712
307,situp,train,stu1_58.mp4,doi53BWc7nI,3.0,63.0,7.0,3 187 187 561 561 763 763
308,situp,train,stu4_55.mp4,knUi-_EnCTM,77.0,127.0,16.0,1 37 38 81 81 138 139 185 186 256 258 327 455 533 534 596
309,push_up,train,train2645.mp4,,,,3.0,3 105 113
310,pull_up,train,stu6_27.mp4,1JaET4xSGBQ,24.0,52.0,5.0,2 64 67 130 178
311,pull_up,train,stu4_31.mp4,cUGRuWMbosk,0.0,34.0,6.0,127 235 235 353 353 444
312,bench_pressing,train,stu2_8.mp4,TepMbajqUfA,130.0,184.0,14.0,125 156 157 186 187 214 214 241 242 270 270 298 299 327
313,squat,train,stu3_72.mp4,_p7MWuLC6m8,2.0,12.0,1.0,127
314,jump_jack,train,stu8_24.mp4,1ZPXgYvbLFg,0.0,60.0,21.0,199 237 237 287 287 318 549 613 614 693 693 764 764 841 984 1026 1026 1056 1056 1082 1082
315,push_up,train,val892.mp4,,,,2.0,3 118
316,front_raise,train,test557.mp4,,,,3.0,24 111 113
317,squat,train,stu8_68.mp4,QdY78tvKlxA,,,3.0,113 160 160
318,bench_pressing,train,stu5_10.mp4,zWo12lw6UDM,14.0,66.0,8.0,708 768 768 824 824 875 875 926
319,pull_up,train,test1483.mp4,,,,5.0,3 57 57 107 107
320,situp,train,stu4_53.mp4,hImH_YXgs4E,28.0,90.0,9.0,18 125 209 312 386 487 554 781 783
321,jump_jack,train,stu2_31.mp4,bUrgZ62nRtA,67.0,89.0,19.0,82 118 118 145 145 172 172 198 198 228 228 253 253 285 285 316 316 342 342
322,front_raise,train,test570.mp4,,,,3.0,0 95 95
323,pull_up,train,stu10_40.mp4,uM4lDTX7tPQ,165.0,197.0,12.0,0 43 43 84 289 336 336 388 388 458 458 512
324,squat,train,stu2_70.mp4,Q_cGV6pz48w,5.0,55.0,13.0,151 208 208 251 251 301 301 349 350 396 396 444 444
325,bench_pressing,train,stu1_13.mp4,_lnaOyvFw9w,225.0,285.0,34.0,149 186 186 220 220 253 253 285 285 317 317 351 351 389 389 425 425 457 457 489 489 526 526 562 562 599 599 635 635 669 669 707 707 745
326,squat,train,stu4_67.mp4,keg8Zh7Gmhg,78.0,121.0,9.0,204 279 337 418 559 627 705 774 777
328,jump_jack,train,train1614.mp4,,,,9.0,3 35 36 66 68 98 99 129 130
329,squat,train,stu1_69.mp4,aFkr62fgNEU,125.0,149.0,9.0,122 174 174 214 214 257 257 299 299
330,front_raise,train,stu8_18.mp4,D4Eo3Ou5uNw,0.0,24.0,9.0,45 126 127 199 199 275 275 358 358
331,jump_jack,train,stu8_33.mp4,Xn0nk5ua6lI,47.0,66.0,7.0,6 164 164 271 271 355 355
332,jump_jack,train,stu8_26.mp4,BkzTOA4t8ME,0.0,12.0,10.0,30 61 61 84 84 109 109 134 134 155
333,push_up,train,stu1_43.mp4,2Oe9PTp39Qo,54.0,114.0,9.0,12 141 141 286 286 424 424 560 560
334,squat,train,stu3_71.mp4,WGJ4qGqz_Dc,9.0,20.0,2.0,41 163
335,situp,train,stu4_51.mp4,9EmXL0PyV4k,19.0,55.0,6.0,45 157 159 260 407 589
336,pull_up,train,stu2_42.mp4,SEslPcX8Vs0,111.0,171.0,14.0,2 78 78 123 124 167 167 208 209 249 249 295 295 346
337,pull_up,train,stu1_42.mp4,xy57r5nsa74,90.0,110.0,10.0,45 83 83 131 131 175 175 221 221 276
338,push_up,train,stu3_48.mp4,VINjLgOWLps,32.0,90.0,54.0,14 42 42 89 89 115 115 137 137 160 461 505 505 533 533 557 557 580 580 602 602 626 627 650 650 675 675 697 697 719 719 741 741 765 765 786 786 809 809 832 832 854 854 878 878 903 903 922 922 945 945 968 968 992
339,squat,train,stu8_66.mp4,kAyPtB2-Jkk,122.0,146.0,5.0,41 161 161 256 256
340,jump_jack,train,train1678.mp4,,,,11.0,6 29 30 56 56 82 83 106 107 131 132
341,situp,train,stu9_62.mp4,Xpyfp4OgU1w,37.0,97.0,2.0,1353 1443
342,push_up,train,stu3_49.mp4,WkRyOOQCVbo,70.0,115.0,39.0,7 33 33 59 59 91 91 134 134 168 168 201 201 234 234 263 267 299 299 326 327 356 356 385 385 415 415 443 443 475 475 510 510 543 544 573 573 603 603
343,front_raise,train,stu2_18.mp4,IERvJTnbjKg,347.0,400.0,39.0,59 104 104 147 147 199 199 241 241 287 287 335 335 379 379 427 427 472 472 517 742 761 761 776 777 791 792 807 807 823 823 838 838 854 854 870 870 887 887
344,bench_pressing,train,stu2_2.mp4,2EnpoEwAAGs,0.0,15.0,4.0,10 135 135 247
345,situp,train,stu10_55.mp4,8St2AVKs3ns,0.0,60.0,24.0,1 36 36 79 79 122 122 168 168 215 215 263 263 310 310 358 358 407 407 456 456 510 510 572
346,bench_pressing,train,stu10_7.mp4,N7qPhU7UibA,208.0,240.0,2.0,507 642
347,front_raise,train,stu8_21.mp4,QoVwjxY245c,5.0,17.0,3.0,45 146 146
348,squat,train,stu7_69.mp4,tvlJoPrgeMI,44.0,81.0,20.0,3 67 67 122 122 176 176 226 227 277 278 327 327 379 380 428 430 480 481 535
349,pull_up,train,stu8_36.mp4,5CNu_FUFYS4,0.0,45.0,6.0,17 227 227 431 431 614
350,jump_jack,train,stu3_22.mp4,8DABwdUPNI0,0.0,18.0,11.0,0 44 44 85 85 120 120 167 167 203 203
351,squat,train,train3951.mp4,,,,4.0,5 54 55 152
352,situp,train,stu5_54.mp4,D2OegkxHZUM,40.0,80.0,26.0,34 57 57 77 78 100 100 118 118 140 140 160 160 181 181 201 201 221 221 243 243 262 262 285 285 307
353,front_raise,train,test577.mp4,,,,3.0,6 80 80
354,squat,train,stu9_70.mp4,nJ-6gl2HohE,233.0,249.0,4.0,116 188 188 242
355,squat,train,stu10_70.mp4,SW_C1A-rejs,105.0,124.0,5.0,22 97 97 168 230
356,front_raise,train,stu9_14.mp4,03Ko2HMU6Dk,13.0,40.0,11.0,30 77 77 132 132 174 174 217 217 288 288
357,jump_jack,train,stu2_33.mp4,ZrC0c9R1ajQ,17.0,42.0,27.0,41 76 76 103 103 128 128 153 153 176 176 205 205 231 231 256 256 281 281 305 305 330 330 357 357 381 381
358,bench_pressing,train,stu7_11.mp4,vcBig73ojpE,232.0,295.0,4.0,254 540 546 729
359,bench_pressing,train,stu9_7.mp4,UxUHSXa_Nus,40.0,72.0,6.0,102 193 193 267 323 362
360,bench_pressing,train,stu2_7.mp4,sFLOwu-ogX4,206.0,265.0,11.0,610 823 835 905 907 973 975 1046 1050 1133 1134
361,situp,train,stu6_55.mp4,ZBTFEnbhsJk,70.0,105.0,2.0,168 248
362,squat,train,stu2_68.mp4,c4qm-jLHvTE,124.0,172.0,25.0,95 145 145 191 191 243 243 293 293 341 341 391 392 435 435 485 485 536 536 586 586 639 639 686 687
363,pull_up,train,stu5_39.mp4,tAtMrszB45o,60.0,90.0,7.0,145 228 228 308 308 397 398
364,squat,train,stu9_68.mp4,LSj280OEKUI,350.0,395.0,20.0,149 192 192 232 232 278 278 321 321 362 363 405 405 444 444 485 485 529 529 570
365,jump_jack,train,stu8_27.mp4,fRqf-O3-3Yw,20.0,80.0,49.0,27 54 54 77 77 102 102 124 124 148 148 171 171 194 194 218 218 241 241 264 264 286 286 311 311 333 333 356 356 378 378 403 403 427 427 451 451 477 477 497 497 521 521 542 542 565 565 589 589
366,push_up,train,stu9_53.mp4,SBlYpbORLK4,18.0,62.0,39.0,101 132 132 157 157 181 181 206 206 229 229 256 256 279 279 305 305 329 329 352 352 378 378 402 402 428 428 453 454 480 481 506 506 529 529 557 557 580 580
368,push_up,train,train2676.mp4,,,,3.0,0 66 115
369,push_up,train,stu1_49.mp4,JrGk-YpmBIo,8.0,47.0,15.0,49 79 79 153 153 216 216 276 363 417 417 495 495 576 576
370,squat,train,test2299.mp4,,,,2.0,1 128
371,jump_jack,train,stu3_27.mp4,oQW8rQtPJAY,118.0,178.0,70.0,0 27 27 53 53 78 78 104 104 131 131 157 157 181 181 208 208 235 235 261 261 285 285 312 312 337 337 362 362 390 390 415 415 439 439 465 465 490 490 518 518 544 544 569 569 593 593 620 620 645 645 668 668 694 694 719 719 746 746 772 772 799 799 822 823 847 847 873 873 900
372,squat,train,test2309.mp4,,,,2.0,0 151
373,pull_up,train,stu4_37.mp4,uM4lDTX7tPQ,120.0,164.0,6.0,575 682 684 798 800 899
374,pull_up,train,stu9_39.mp4,ItrXUW4KGvU,0.0,40.0,8.0,15 90 132 224 259 347 390 472
375,jump_jack,train,stu10_28.mp4,nnC7FWBM8ZI,14.0,37.0,8.0,0 97 97 178 178 271 271 348
376,push_up,train,stu7_48.mp4,nbDCYe0WAto,56.0,115.0,9.0,0 199 200 300 302 399 479 605 781
377,jump_jack,train,stu6_25.mp4,Xk6U33W9azo,98.0,138.0,35.0,53 80 80 107 107 138 138 175 175 211 212 235 235 272 272 315 315 340 340 368 368 401 401 443 443 471 472 496 496 533 534 573 573 597 597
378,pull_up,train,stu6_26.mp4,1anF-jFbX-U,13.0,46.0,10.0,124 165 165 233 235 295 299 364 365 423
379,situp,train,train3365.mp4,,,,13.0,0 24 24 47 47 76 76 98 98 120 120 143 143
380,front_raise,train,test584.mp4,,,,5.0,5 39 39 79 79
381,push_up,train,stu9_46.mp4,3C9QeFc0GRM,144.0,174.0,6.0,9 81 81 151 151 237
382,squat,train,stu7_68.mp4,QKEhozqGSN8,70.0,106.0,20.0,71 107 108 140 140 173 173 208 208 243 244 275 277 306 306 340 340 372 372 410
383,front_raise,train,stu10_21.mp4,PhFznEhvqXk,0.0,12.0,2.0,66 146
384,push_up,train,stu7_51.mp4,YljIR6ltjKc,52.0,85.0,47.0,63 85 87 103 104 120 121 135 135 151 152 166 167 183 183 199 200 213 214 229 229 244 244 258 259 273 273 289 290 305 306 319 320 335 336 350 350 365 366 380 380 395 396 410 410 424 424
385,bench_pressing,train,train186.mp4,,,,2.0,10 126
386,pull_up,train,stu10_35.mp4,dZ7exW2Q_L0,0.0,38.0,11.0,42 114 114 186 186 252 252 322 322 389 389
387,jump_jack,train,stu7_27.mp4,dx3zOWdOw_A,420.0,450.0,30.0,61 84 85 107 107 130 131 153 153 175 175 198 198 220 220 242 242 265 266 287 287 309 309 332 332 354 354 377 378 400
388,bench_pressing,train,stu10_11.mp4,XQjEHDMvbqY,190.0,250.0,20.0,397 465 465 509 510 553 554 598 598 640 640 684 684 726 726 769 769 816 816 859
389,bench_pressing,train,stu10_2.mp4,5T72H4JQ9CA,15.0,65.0,11.0,811 867 867 910 910 951 951 998 998 1043 1043
390,bench_pressing,train,stu3_7.mp4,zvFqrTdV4Y4,80.0,120.0,16.0,119 199 200 242 242 285 285 327 328 367 367 429 429 479 479 528
391,jump_jack,train,stu3_26.mp4,oQW8rQtPJAY,10.0,70.0,62.0,217 246 246 269 269 296 296 322 322 347 347 373 373 398 398 423 423 447 447 471 471 495 495 519 519 544 544 567 567 594 594 617 618 642 642 667 667 692 692 717 717 743 744 768 768 793 793 819 819 844 844 870 870 895 895 921 921 948 948 973 973 998
392,bench_pressing,train,stu9_6.mp4,NtkPYpONfdY,123.0,133.0,5.0,75 112 112 154 154
393,squat,train,stu8_67.mp4,PbUP5J3HdmA,1.0,12.0,3.0,20 120 120
394,squat,train,val1258.mp4,,,,3.0,5 90 90
395,jump_jack,train,stu2_29.mp4,2wrQJIzWxUA,29.0,66.0,28.0,1 40 136 174 174 201 201 230 230 256 256 284 284 312 312 339 339 366 366 389 389 418 418 446 446 472 472 499
396,pull_up,train,stu2_41.mp4,Q3p3SlhBHOg,0.0,76.0,26.0,155 202 202 239 239 281 281 319 319 363 364 410 411 456 456 497 497 547 547 591 591 630 631 682 682 720
397,push_up,train,stu6_43.mp4,t0QZmiXBC-Q,28.0,50.0,19.0,27 57 57 86 86 117 118 148 149 177 179 212 212 244 245 278 278 304 304
398,pull_up,train,stu7_41.mp4,pjVF61SepS4,8.0,20.0,4.0,31 152 152 215
399,bench_pressing,train,stu9_4.mp4,kA5VqR9eQJA,0.0,55.0,8.0,169 259 259 402 402 537 537 673
400,front_raise,train,stu9_23.mp4,sAq_ocpRh_I,45.0,70.0,5.0,34 163 195 330 331
401,bench_pressing,train,test118.mp4,,,,6.0,0 41 41 89 90 174
402,situp,train,stu10_57.mp4,DRu3iU6YJig,559.0,608.0,31.0,0 41 41 82 82 127 127 171 171 217 217 264 264 306 306 354 354 402 402 449 449 496 496 543 543 590 590 638 638 684 684
403,pull_up,train,stu2_44.mp4,YR7sKh2tTRo,16.0,59.0,10.0,81 118 119 151 151 179 179 207 212 286
404,push_up,train,stu10_45.mp4,IODxDxX7oi4,0.0,53.0,14.0,4 111 111 215 215 323 323 444 444 526 526 606 606 694
405,pull_up,train,train2464.mp4,,,,4.0,2 50 50 123
406,front_raise,train,stu10_20.mp4,mxPSKwWtezQ,25.0,60.0,8.0,28 212 212 327 327 458 458 558
407,bench_pressing,train,test125.mp4,,,,3.0,11 42 42
408,front_raise,train,stu10_14.mp4,9p7QDGxjIF4,10.0,50.0,14.0,49 135 135 212 212 289 290 363 364 432 432 498 498 564
409,bench_pressing,train,stu1_3.mp4,HXciLeU20Vc,43.0,88.0,4.0,6 96 96 223
410,pull_up,train,train2523.mp4,,,,4.0,0 54 54 128
411,squat,train,stu3_69.mp4,SqGygmowraU,0.0,15.0,10.0,10 49 49 93 93 135 135 178 178 220
412,situp,train,stu8_55.mp4,tzfu4euI2Jw,330.0,360.0,10.0,42 106 106 144 144 197 197 245 245 295
413,push_up,train,stu4_43.mp4,IODxDxX7oi4,90.0,121.0,10.0,28 97 97 173 174 249 250 349 350 438
414,squat,train,test2318.mp4,,,,4.0,9 59 59 127
415,push_up,train,stu3_45.mp4,lnR_kb5Wjf8,29.0,89.0,25.0,8 78 78 161 161 240 241 323 323 403 403 487 487 567 567 639 639 720 720 804 804 889 889 968 968
416,squat,train,stu3_70.mp4,TOQiJsSw7Wk,80.0,100.0,12.0,33 123 123 214 214 237 237 262 262 287 287 311
417,jump_jack,train,stu10_30.mp4,vlHk3EivPfU,93.0,100.0,4.0,61 95 95 127
418,situp,train,stu9_60.mp4,MsivMAyo7Io,0.0,42.0,4.0,816 897 897 966
419,pull_up,train,train2484.mp4,,,,7.0,0 36 36 77 77 120 120
420,bench_pressing,train,stu7_7.mp4,rxD321l2svE,0.0,40.0,4.0,210 293 293 349
421,squat,train,stu3_60.mp4,6A8eSX3yseM,3.0,10.0,4.0,8 65 65 111
422,jump_jack,train,test990.mp4,,,,5.0,3 60 61 117 117
423,bench_pressing,train,stu2_10.mp4,UWhSOCvSWSQ,101.0,122.0,6.0,104 163 163 215 215 275
424,situp,train,stu1_53.mp4,,,,9.0,136 169 169 196 196 218 218 242 242
425,squat,train,stu6_60.mp4,Eir-KRad0zw,22.0,80.0,35.0,115 159 159 203 203 246 247 284 284 329 330 374 374 420 421 463 464 502 504 549 549 593 593 636 636 684 684 731 732 772 773 815 817 863 865
426,squat,train,stu5_63.mp4,F95zLXItcew,140.0,172.0,21.0,20 61 61 106 106 148 148 194 194 233 233 282 282 321 321 368 368 412 412 457 457
427,situp,train,stu6_50.mp4,lNzDHNQ0dxA,0.0,50.0,9.0,468 590 590 677 677 776 777 868 868
428,squat,train,stu3_68.mp4,rHe6gk6dYA4,60.0,110.0,17.0,264 337 337 397 397 465 465 533 533 602 602 660 660 752 752 813 813
429,push_up,train,stu4_44.mp4,NJpJHkC8kGc,63.0,103.0,9.0,210 271 272 330 406 463 466 524 532
430,pull_up,train,stu3_33.mp4,46jBNbEVkk0,0.0,25.0,10.0,255 350 350 386 386 420 420 454 454 488
431,push_up,train,stu4_48.mp4,VcODVuYFMrI,12.0,42.0,8.0,95 160 164 249 257 316 331 389
432,front_raise,train,train1022.mp4,,,,3.0,52 125 125
433,push_up,train,stu10_52.mp4,XfVcAoqR4LA,185.0,240.0,37.0,48 99 99 139 139 176 176 211 211 246 246 281 281 318 318 354 354 391 392 431 431 472 473 514 514 559 559 605 605 652 652 697 697 744 744 796 797
434,jump_jack,train,stu10_27.mp4,HYltKvsOA1g,11.0,30.0,18.0,8 48 48 78 78 107 107 136 136 166 166 196 196 224 224 254 255 283
435,situp,train,stu10_61.mp4,tzfu4euI2Jw,136.0,175.0,15.0,92 138 138 163 163 187 187 209 209 232 232 255 255 277 277
436,push_up,train,stu1_45.mp4,4puQB_vYZls,50.0,83.0,6.0,127 177 177 228 228 285
437,situp,train,val1075.mp4,,,,3.0,29 98 98
438,pull_up,train,train2502.mp4,,,,6.0,28 66 66 102 102 145
439,pull_up,train,stu3_40.mp4,SxPCU5RKzsk,80.0,110.0,6.0,356 423 424 468 468 531
440,bench_pressing,train,stu2_13.mp4,ym_fcBbq5Mc,0.0,15.0,11.0,88 130 130 161 161 191 191 222 222 255 255
441,bench_pressing,train,train184.mp4,,,,2.0,42 155
442,push_up,train,stu5_44.mp4,HqZ4EoeJIlQ,42.0,92.0,12.0,148 205 205 256 256 315 315 373 373 430 430 493
443,situp,train,test2003.mp4,,,,6.0,7 27 27 51 51 77
444,bench_pressing,train,stu3_6.mp4,wPZaCYd4bbo,25.0,75.0,6.0,140 198 198 276 276 349
445,squat,train,stu2_67.mp4,3aWeFsczEso,131.0,180.0,11.0,8 54 54 104 104 149 149 194 194 242 242
446,squat,train,stu10_66.mp4,c4qm-jLHvTE,15.0,56.0,25.0,130 170 170 207 207 246 246 283 283 327 327 369 369 409 409 448 448 489 489 530 530 573 573 617 617
447,push_up,train,train2745.mp4,,,,2.0,5 119
448,jump_jack,train,stu6_19.mp4,nSd2ebFATi8,20.0,44.0,16.0,315 343 343 367 367 392 392 418 418 445 445 467 467 495 495 519
449,situp,train,val1099.mp4,,,,4.0,45 97 97 150
450,bench_pressing,train,stu8_13.mp4,vZ2UeEX8FbA,150.0,180.0,5.0,185 275 275 319 319
451,bench_pressing,train,stu1_6.mp4,mzhAcQZcTzs,0.0,44.0,11.0,204 247 247 285 285 318 318 353 353 393 496
452,bench_pressing,train,stu2_9.mp4,Uk61vYNowbE,367.0,418.0,9.0,526 577 578 610 611 642 643 674 675
453,squat,train,stu3_63.mp4,H-Fxfc38B8U,257.0,270.0,7.0,2 56 56 111 111 161 161
454,pull_up,train,stu3_41.mp4,zsA1p9SShdQ,24.0,32.0,1.0,37
455,jump_jack,train,stu4_20.mp4,gG2Z1siSvkk,0.0,11.0,11.0,2 29 30 52 52 75 76 92 93 113 114
456,pull_up,train,val820.mp4,,,,4.0,11 81 84 160
457,push_up,train,stu5_42.mp4,2XMZH8Qnwro,13.0,72.0,23.0,28 50 50 74 74 99 99 122 123 147 147 170 422 481 801 825 825 853 853 878 878 899 899
458,jump_jack,train,test944.mp4,,,,10.0,2 27 28 56 56 82 84 107 108 137
459,front_raise,train,stu6_11.mp4,oMQIR6tk2Ag,0.0,40.0,22.0,107 127 127 146 146 162 162 180 180 198 198 219 219 238 238 264 264 288 288 313 331 410
460,front_raise,train,stu6_14.mp4,Zm-CxQBxYMo,1.0,22.0,4.0,47 112 112 190
461,squat,train,stu6_71.mp4,Z52oyvqe4EA,12.0,22.0,2.0,53 152
462,pull_up,train,stu7_37.mp4,gQZ6rcKRP1Y,95.0,130.0,15.0,0 53 54 111 113 173 174 240 240 300 662 680 680 697 697
463,squat,train,stu10_62.mp4,353LqwNjcCw,1.0,10.0,3.0,6 69 70
464,situp,train,stu8_51.mp4,DRu3iU6YJig,647.0,678.0,25.0,55 87 87 120 120 154 154 188 188 217 217 253 253 288 288 324 324 360 360 394 394 432 432 467 467
465,front_raise,train,stu3_14.mp4,su7laGbU5eo,48.0,60.0,3.0,3 136 136
466,front_raise,train,train941.mp4,,,,4.0,39 108 108 171
467,situp,train,test1995.mp4,,,,5.0,53 97 97 142 143
468,front_raise,train,test541.mp4,,,,3.0,0 112 112
469,situp,train,stu6_49.mp4,DWBPH03N9Xk,50.0,83.0,5.0,85 159 167 283 291
470,bench_pressing,train,test168.mp4,,,,3.0,5 86 86
471,pull_up,train,stu9_40.mp4,J0oF90cFazY,0.0,44.0,27.0,75 123 123 167 167 210 210 250 250 289 289 331 331 373 373 417 417 458 458 500 501 537 537 580 580 622 622
472,squat,train,stu6_64.mp4,JLYKzKcc_Us,175.0,192.0,3.0,118 216 237
473,pull_up,train,stu5_34.mp4,A8q4y4E8MS0,20.0,76.0,52.0,91 102 102 113 113 124 124 136 136 145 145 156 156 167 168 179 179 189 189 201 201 211 211 222 222 234 234 246 246 256 256 269 269 281 281 294 294 309 314 331 440 453 453 465 465 475 475 486 486 499 499 523
474,jump_jack,train,stu8_31.mp4,UPe3SwAKUSs,1.0,28.0,26.0,5 32 32 60 60 92 92 121 121 149 149 180 180 210 210 241 241 270 270 299 299 329 329 360 360 391
475,front_raise,train,train970.mp4,,,,5.0,40 88 88 138 138
476,push_up,train,stu9_54.mp4,WkRyOOQCVbo,0.0,60.0,26.0,145 207 208 265 265 310 310 359 359 405 405 448 449 523 523 593 593 654 654 708 708 764 764 819 819 875
477,pull_up,train,stu4_32.mp4,EUw66O4VvoA,170.0,206.0,4.0,157 206 206 307
478,pull_up,train,stu3_35.mp4,C26OAQfZX7Q,29.0,41.0,5.0,144 201 201 238 238
479,push_up,train,val886.mp4,,,,5.0,0 44 44 102 103
480,squat,train,stu1_67.mp4,5ZShK3AlGCk,255.0,300.0,20.0,104 137 137 182 182 229 229 273 273 325 325 368 368 418 418 467 467 513 513 563
481,jump_jack,train,stu7_25.mp4,6s2Eqbh_GoA,0.0,15.0,15.0,0 23 24 51 53 81 82 111 112 141 142 172 173 204 204
482,situp,train,stu6_53.mp4,ro0svIr1UTI,930.0,970.0,28.0,27 66 67 103 103 145 145 179 179 227 227 270 271 313 313 355 355 396 397 438 439 478 478 523 524 558 559 598
483,jump_jack,train,stu9_33.mp4,JKhR1xZXhlU,0.0,33.0,16.0,96 139 139 182 183 224 272 312 312 356 356 401 418 442 442 464
484,push_up,train,stu3_43.mp4,cC9OcmquRxc,0.0,35.0,45.0,480 515 515 544 544 560 560 572 572 586 586 596 596 606 606 619 619 631 632 642 642 652 652 665 665 677 677 689 689 700 700 710 710 720 721 732 732 743 744 754 754 766 766 777 777
485,bench_pressing,train,stu1_7.mp4,TepMbajqUfA,230.0,250.0,1.0,400
486,push_up,train,stu6_41.mp4,KagtoUppn4c,51.0,111.0,54.0,554 602 604 624 624 642 642 659 659 676 677 692 693 712 712 731 731 746 746 765 765 783 784 801 801 817 818 834 834 849 850 865 865 883 883 899 899 916 916 935 935 950 951 967 968 984 984 1000 1001 1017 1018 1035 1035 1053
487,squat,train,test2317.mp4,,,,3.0,21 108 109
488,bench_pressing,train,stu8_16.mp4,zvFqrTdV4Y4,121.0,160.0,10.0,65 212 212 275 275 352 352 428 428 512
489,bench_pressing,train,stu9_1.mp4,1VHys7AdsU8,50.0,88.0,6.0,263 333 334 436 482 555
490,bench_pressing,train,stu7_6.mp4,rT7DgCr-3pg,90.0,124.0,3.0,412 599 603
491,front_raise,train,stu3_8.mp4,8Q2bNX_ynDg,0.0,15.0,6.0,66 127 127 190 190 257
492,situp,train,test1977.mp4,,,,3.0,41 135 135
493,squat,train,stu7_70.mp4,VGpVXfQUFEw,165.0,203.0,6.0,149 218 218 271 271 328
494,bench_pressing,train,stu2_12.mp4,XWzHuX-D6BY,18.0,78.0,6.0,387 557 557 615 615 674
495,front_raise,train,stu10_22.mp4,Q7G67jq9rjM,14.0,38.0,4.0,96 226 226 345
496,jump_jack,train,stu7_29.mp4,K0yETOmV5O0,41.0,90.0,60.0,16 39 39 60 60 80 80 99 100 120 120 142 142 164 164 186 187 208 208 230 231 253 253 277 277 300 300 323 324 345 345 368 369 392 392 415 415 439 439 463 463 485 485 509 510 534 535 555 556 577 577 600 600 624 624 646 646 672 672 696
497,squat,train,stu4_72.mp4,wqOAGbdQWSk,214.0,234.0,3.0,122 204 207
498,front_raise,train,stu1_18.mp4,p1yQnTNE808,28.0,55.0,9.0,40 123 123 195 195 263 263 336 336
499,push_up,train,stu1_50.mp4,ovbEXrUtgdw,40.0,82.0,13.0,504 545 545 587 587 636 636 694 694 749 771 814 814
500,front_raise,train,stu2_22.mp4,WJm9zA2NY8E,105.0,118.0,7.0,26 56 56 95 95 135 135
501,squat,train,stu8_61.mp4,353LqwNjcCw,37.0,53.0,5.0,21 115 115 223 223
502,situp,train,stu5_49.mp4,ab48kqiD6WY,0.0,15.0,3.0,140 219 219
503,push_up,train,stu2_53.mp4,QxzmbsZ0vDw,900.0,960.0,49.0,0 14 14 35 35 56 56 75 76 96 96 116 116 137 137 158 158 180 180 199 199 220 220 238 238 262 262 282 282 306 552 573 573 594 594 614 614 636 636 655 655 676 677 695 695 718 718 736 736
504,front_raise,train,stu2_24.mp4,zQhZ1MOgT9g,1.0,30.0,5.0,0 124 124 290 290
505,push_up,train,train2739.mp4,,,,13.0,2 29 29 53 53 77 77 100 100 123 123 147 147
506,front_raise,train,train960.mp4,,,,2.0,1 106
507,jump_jack,train,stu2_26.mp4,,,,30.0,20 50 50 74 74 98 98 123 123 145 145 167 167 190 190 212 212 236 236 261 261 283 283 306 306 330 330 352 352 375
508,bench_pressing,train,stu10_12.mp4,XsEX8b2To5g,120.0,155.0,15.0,349 416 416 475 475 521 521 570 570 614 614 655 655 698 698
509,bench_pressing,train,stu4_4.mp4,QE9N-jhNt2A,84.0,134.0,23.0,466 517 517 548 548 578 578 605 605 629 629 660 660 690 690 718 719 743 743 773 773 801 801
510,jump_jack,train,train1623.mp4,,,,10.0,3 31 32 57 59 90 90 118 120 146
511,situp,train,train3324.mp4,,,,3.0,28 94 94
512,bench_pressing,train,train172.mp4,,,,4.0,4 60 60 123
513,pull_up,train,stu5_33.mp4,8hyRCFlVFpc,19.0,78.0,9.0,22 92 189 262 364 442 543 648 735
514,front_raise,train,stu9_24.mp4,t5pXxF94tuo,25.0,40.0,2.0,71 168
515,pull_up,train,stu4_35.mp4,twIW8oc9PlI,157.0,217.0,12.0,46 124 124 201 201 281 281 369 369 458 458 540
516,pull_up,train,stu3_32.mp4,3zMBXWj9Nh0,75.0,110.0,7.0,79 175 175 265 265 369 369
517,push_up,train,train2666.mp4,,,,5.0,9 63 64 102 104
518,squat,train,stu8_60.mp4,2xxfD9X9Puc,1.0,40.0,11.0,229 304 304 363 363 411 411 468 468 525 525
519,jump_jack,train,train1646.mp4,,,,9.0,25 54 56 81 83 108 110 139 141
521,front_raise,train,stu6_12.mp4,sOcYlBI85hc,40.0,54.0,4.0,21 97 97 177
522,push_up,train,stu3_47.mp4,VAZd3clNJSA,0.0,60.0,6.0,1056 1219 1220 1346 1346 1451
523,squat,train,stu6_69.mp4,wqOAGbdQWSk,160.0,214.0,15.0,74 228 231 321 321 435 441 551 559 657 663 765 765 849 849
524,push_up,train,stu6_46.mp4,xKPBHs3ebeU,8.0,50.0,33.0,36 63 64 86 87 121 128 156 156 182 182 207 207 232 233 260 261 284 285 311 311 338 338 366 367 394 395 422 423 448 450 480 480
525,pull_up,train,stu10_37.mp4,OHCHi5Tw1TM,0.0,59.0,17.0,27 102 102 178 178 240 240 322 322 398 398 469 469 550 550 625 625
526,squat,train,test2295.mp4,,,,1.0,19
527,bench_pressing,train,stu1_12.mp4,zJot0N2XQJI,0.0,29.0,8.0,254 313 313 357 357 405 405 451
528,front_raise,train,test528.mp4,,,,2.0,0 168
529,situp,train,stu1_61.mp4,MhPJBYZdDp8,4.0,62.0,23.0,148 195 195 255 255 316 316 379 379 444 444 516 516 578 578 647 647 708 708 786 786 857 857
530,pull_up,train,stu5_29.mp4,,,,4.0,153 218 218 273
531,pull_up,train,stu9_44.mp4,W9K4NsXDVkk,50.0,81.0,21.0,38 65 65 90 90 115 115 142 142 166 166 194 195 220 220 246 246 272 272 299 299
532,front_raise,train,stu7_20.mp4,hBf1E1CUOws,31.0,62.0,6.0,27 218 223 356 357 457
533,jump_jack,train,stu1_23.mp4,2J2g7XOr2i4,110.0,145.0,32.0,147 171 171 193 193 215 215 236 236 257 257 278 278 299 299 320 320 341 341 362 362 384 384 406 406 427 427 448 448 469 469 491
534,pull_up,train,stu7_39.mp4,j0ZiHnfIeMs,95.0,125.0,7.0,20 108 133 222 232 308 312
535,pull_up,train,stu5_37.mp4,Osc3GEVu-L4,22.0,48.0,20.0,66 96 96 126 126 159 159 185 185 217 217 247 247 282 282 312 312 345 345 374
537,push_up,train,stu2_48.mp4,K3Oc7LvaaS0,14.0,44.0,10.0,92 201 202 271 271 340 340 402 402 457
538,pull_up,train,stu6_32.mp4,QlBTC0HetwA,0.0,13.0,7.0,0 44 44 102 102 164 164
539,squat,train,stu5_69.mp4,un4nVf09WgA,367.0,395.0,10.0,115 158 158 213 213 265 265 322 322 378
540,jump_jack,train,stu5_25.mp4,pP6vl1ogadE,284.0,343.0,68.0,2 19 19 40 40 62 62 83 83 102 102 119 119 141 141 160 160 179 179 200 200 220 220 238 238 258 258 278 278 300 300 318 318 338 338 358 358 380 380 400 400 422 422 442 442 464 464 483 483 507 507 527 528 548 548 568 568 591 591 612 612 632 632 652 652 673 673 694
541,front_raise,train,stu6_9.mp4,H0O4HNvtB70,25.0,95.0,18.0,5 100 106 210 222 317 334 428 430 512 515 612 615 713 713 798 800 912
542,pull_up,train,test1496.mp4,,,,6.0,0 24 24 47 47 72
543,situp,train,stu7_61.mp4,_C-X1fwKtT4,11.0,60.0,12.0,263 365 369 435 439 482 485 531 542 605 616 662
544,bench_pressing,train,stu1_5.mp4,KbIL9FMKR08,605.0,665.0,11.0,98 148 148 183 183 217 217 251 251 281 281
545,squat,train,stu7_62.mp4,2SyVB8-Lwj8,1.0,26.0,9.0,2 104 104 178 180 252 253 320 320
546,situp,train,stu6_52.mp4,oZ-ukR4_q5Q,20.0,60.0,23.0,17 65 65 109 109 162 163 210 212 256 256 311 311 348 349 396 396 445 446 497 498 549 550
547,jump_jack,train,stu1_24.mp4,az3oLzHZ9Gw,4.0,64.0,68.0,0 25 25 47 47 69 69 89 89 113 113 134 134 155 155 178 178 200 200 223 223 245 245 267 267 290 290 310 310 334 334 355 355 377 377 398 398 418 418 441 441 463 463 485 485 508 508 529 529 548 548 571 571 591 591 614 614 635 635 657 657 679 679 701 701 722 722 744
548,bench_pressing,train,test138.mp4,,,,12.0,0 26 26 50 51 74 75 96 96 117 117 140
549,situp,train,stu6_51.mp4,n3RN1tNrxaQ,38.0,97.0,10.0,114 278 280 499 499 654 669 834 842 969
550,jump_jack,train,stu1_25.mp4,GpY9m29fgfk,1.0,39.0,43.0,15 38 38 65 65 89 89 112 112 137 137 161 161 188 188 212 212 238 238 263 263 290 290 316 316 340 340 367 367 392 392 418 418 442 442 470 470 495 495 522 522 549 549
551,situp,train,stu6_56.mp4,zXqc50YMDf8,0.0,34.0,9.0,45 116 116 192 192 280 282 387 390
552,jump_jack,train,stu7_28.mp4,EmAGzX7YZk4,30.0,40.0,10.0,9 39 39 66 66 94 94 123 123 152
553,front_raise,train,stu8_20.mp4,QdGOSYlYaBU,9.0,37.0,8.0,5 128 128 222 222 331 331 426
554,situp,train,stu9_59.mp4,LEYLTdx8Yiw,45.0,90.0,7.0,393 431 431 467 467 504 504
555,situp,train,stu7_58.mp4,mYiHCl6ytGM,0.0,28.0,9.0,6 70 70 134 134 195 198 254 256
556,jump_jack,train,stu7_33.mp4,uu7kLMdCgJQ,13.0,28.0,7.0,54 159 159 202 203 233 233
557,push_up,train,stu7_46.mp4,cVNiLXQbjrc,0.0,35.0,16.0,9 41 41 72 72 106 106 136 136 170 171 201 201 234 643 691
558,situp,train,stu5_60.mp4,ovLx8lE2wP0,0.0,22.0,4.0,201 303 303 416
559,jump_jack,train,stu2_30.mp4,4cmg6UwH60o,629.0,652.0,25.0,40 69 69 95 95 121 121 144 144 168 168 195 195 220 220 246 246 271 271 298 298 320 320 346 346
560,situp,train,stu4_58.mp4,Q5WR5RL5FL4,0.0,59.0,9.0,0 68 281 421 465 534 537 856 876
561,pull_up,train,stu5_38.mp4,QzkLvnSQpYo,12.0,53.0,13.0,44 83 83 123 123 167 167 217 217 271 271 328 328
562,squat,train,stu4_65.mp4,F95zLXItcew,93.0,135.0,24.0,175 235 236 284 286 322 324 370 372 419 421 463 464 506 507 546 547 594 595 639 640 684 686 723
563,front_raise,train,stu7_22.mp4,ugPIPY7j-GM,28.0,45.0,2.0,179 278
564,pull_up,train,stu1_31.mp4,eQesLS4iAu4,10.0,70.0,32.0,1 17 17 38 38 61 61 85 85 108 108 131 226 246 246 269 269 294 294 315 315 340 340 363 363 389 531 550 550 576 576 599
565,bench_pressing,train,stu4_2.mp4,9xu1KCMLEj8,75.0,120.0,15.0,106 171 171 204 204 231 232 265 266 298 299 332 332 365 365
566,front_raise,train,stu9_21.mp4,LacDyS1R9sM,0.0,60.0,16.0,349 422 443 521 522 597 597 667 667 730 730 807 807 876 876 936
567,situp,train,stu7_59.mp4,ndHA3AbvuNA,129.0,150.0,5.0,7 96 96 217 219
568,situp,train,stu5_58.mp4,lg3CqX_P9bg,50.0,104.0,4.0,581 846 956 1059
569,jump_jack,train,stu8_32.mp4,wxfa0HVPYBY,2.0,10.0,5.0,59 93 93 123 123
570,squat,train,stu7_71.mp4,z-7E8NJocK4,120.0,165.0,32.0,9 49 50 86 86 124 125 168 168 209 209 248 248 289 289 331 332 372 373 411 412 449 450 491 493 530 533 570 572 612 613 655
571,situp,train,train3382.mp4,,,,4.0,28 77 77 128
572,front_raise,train,stu9_12.mp4,,,,7.0,0 45 45 91 91 131 131
573,situp,train,stu5_53.mp4,bxJjMFRhRxQ,34.0,94.0,27.0,35 107 107 173 173 244 244 327 327 393 393 458 458 519 519 581 581 646 646 715 715 780 780 850 850 915 915
574,situp,train,stu5_51.mp4,ANGD-wByZcw,110.0,146.0,25.0,107 123 123 146 146 162 162 179 179 197 197 215 215 239 239 278 278 295 295 312 312 335 335 350 350
575,bench_pressing,train,stu6_2.mp4,F7vpOlyL4VA,0.0,34.0,9.0,205 270 270 329 329 397 397 473 473
576,front_raise,train,test545.mp4,,,,1.0,0
577,squat,train,test2323.mp4,,,,2.0,0 129
578,situp,train,train3312.mp4,,,,4.0,0 69 69 129
579,jump_jack,train,stu9_30.mp4,hugRaDLJSi0,3.0,16.0,11.0,7 30 30 53 53 87 87 118 118 151 151
580,situp,train,stu4_60.mp4,y5BpvYGyVb0,126.0,185.0,3.0,164 266 267
581,situp,train,stu4_56.mp4,ndHA3AbvuNA,61.0,88.0,7.0,1 56 56 145 146 240 242
582,jump_jack,train,stu3_21.mp4,7IbZNUTMzmk,50.0,60.0,6.0,45 94 94 126 126 155
583,jump_jack,train,stu4_17.mp4,CWpmIW6l-YA,2.0,10.0,8.0,19 40 40 59 59 84 85 104
584,situp,train,stu2_61.mp4,NyK2uVFn5Zs,0.0,60.0,10.0,623 734 734 846 846 964 964 1088 1088 1321
586,push_up,train,stu5_46.mp4,NkNutDpRmOc,53.0,90.0,3.0,212 316 316
587,squat,train,stu3_67.mp4,REjznoKN8Q8,188.0,210.0,9.0,32 100 100 174 174 244 244 315 315
588,push_up,train,train2685.mp4,,,,2.0,1 150
589,front_raise,train,train1000.mp4,,,,3.0,49 141 141
590,situp,train,stu9_56.mp4,7pSRGX_JIdM,9.0,69.0,8.0,135 207 303 392 487 570 664 740
591,situp,train,stu3_56.mp4,NJcP4IMarlE,138.0,168.0,25.0,3 31 31 55 55 80 80 105 105 129 129 156 156 180 180 204 204 237 304 330 330 356 356 384 384
592,situp,train,stu6_54.mp4,WfxJp09VlHk,8.0,66.0,11.0,485 546 605 679 691 770 781 874 887 971 983
593,squat,train,stu1_70.mp4,Er9oezOr31U,2.0,6.0,1.0,27
594,bench_pressing,train,stu2_4.mp4,GHSbi62TcYw,0.0,60.0,1.0,1179
595,push_up,train,test1624.mp4,,,,3.0,0 46 48
596,push_up,train,stu9_50.mp4,q1476ghLP24,0.0,60.0,65.0,4 37 37 60 60 82 82 103 103 122 122 143 143 163 163 180 181 203 203 222 222 241 241 263 263 284 284 305 305 327 328 349 349 372 372 394 394 415 415 437 437 459 460 480 480 496 497 518 518 537 537 556 556 576 576 594 594 616 616 636 636 657 657 679 679
597,situp,train,stu2_60.mp4,NJcP4IMarlE,0.0,45.0,43.0,65 92 92 111 111 131 131 150 150 170 170 193 193 213 213 233 233 258 258 280 280 303 303 325 325 345 346 367 367 386 386 410 410 434 434 458 458 478 478 500 500 523 523
598,jump_jack,train,stu6_20.mp4,p64YlMRIDVM,37.0,57.0,21.0,40 77 77 113 113 141 141 170 170 204 204 232 233 260 260 288 288 314 314 338 338
599,squat,train,stu5_65.mp4,KLIPXRxVhEo,343.0,390.0,18.0,10 71 71 152 152 219 219 317 317 384 384 462 462 538 538 622 622 705
600,squat,train,stu8_65.mp4,H0wWFYnmsqI,435.0,497.0,24.0,97 157 157 223 223 288 288 355 355 424 424 498 498 563 563 637 637 711 711 783 783 849 849 913
601,bench_pressing,train,stu2_11.mp4,vZ2UeEX8FbA,200.0,240.0,8.0,310 363 363 395 395 429 429 469
602,push_up,train,stu3_46.mp4,Pp44Y390Ffs,187.0,207.0,9.0,76 122 122 162 163 203 203 240 240
603,situp,train,stu7_56.mp4,hImH_YXgs4E,120.0,182.0,10.0,145 218 220 395 398 551 553 744 746 904
604,front_raise,train,stu5_15.mp4,nrLYFm9_Tys,4.0,54.0,18.0,56 109 109 177 177 234 234 322 384 463 463 533 533 622 622 707 728 791
605,situp,train,test2015.mp4,,,,1.0,78
608,squat,train,stu4_71.mp4,SqWmiiHqT8w,165.0,235.0,36.0,289 329 330 365 366 401 404 437 440 481 483 522 523 554 556 595 597 629 631 662 662 696 696 731 731 774 774 799 799 842 842 889 889 921 921 959
609,pull_up,train,stu7_42.mp4,s6q7pNhWhhE,0.0,59.0,29.0,85 115 115 144 144 172 172 204 204 233 233 264 264 296 296 327 327 361 361 392 392 424 424 458 459 495 496 528 528
610,squat,train,stu2_71.mp4,Q_cGV6pz48w,91.0,141.0,14.0,274 319 320 362 362 405 405 447 448 492 492 537 538 578
611,situp,train,train3367.mp4,,,,5.0,13 66 66 118 118
612,pull_up,train,train2477.mp4,,,,9.0,5 39 39 66 66 100 100 136 136
613,squat,train,train3932.mp4,,,,2.0,0 175
614,squat,train,stu9_65.mp4,cofXeYnvpa4,30.0,85.0,24.0,88 140 140 196 196 263 263 332 332 401 401 466 466 537 537 605 605 658 658 723 723 782 782 855
615,jump_jack,train,stu4_16.mp4,7w6M4bOXJ_s,35.0,88.0,34.0,99 129 129 157 157 177 177 203 203 229 229 252 252 278 278 303 303 329 329 353 353 377 377 404 699 727 727 750 750 777 778 800 801 826
616,push_up,train,stu7_50.mp4,Pky3TVu4W1o,70.0,119.0,46.0,381 412 412 435 435 457 457 476 476 496 497 514 515 534 536 554 555 573 574 592 593 611 612 631 632 651 653 670 671 688 689 709 710 727 727 746 747 767 768 786 787 805 805 824 825 843
617,push_up,train,stu8_48.mp4,xG5CqDVa0EM,30.0,90.0,5.0,55 260 260 403 403
618,push_up,train,stu3_51.mp4,wyEw4nHGsvc,238.0,285.0,27.0,7 39 39 68 68 101 101 137 137 185 263 327 327 366 366 425 425 526 526 577 577 630 630 673 673 707 707
619,pull_up,train,stu7_44.mp4,Zsm9Vip9L7E,175.0,200.0,10.0,39 86 86 124 124 158 158 196 196 238
620,front_raise,train,stu8_19.mp4,Jy9roYLSK7w,35.0,50.0,9.0,45 86 86 120 120 154 154 187 187
621,squat,train,stu5_67.mp4,rHe6gk6dYA4,220.0,255.0,16.0,194 240 240 282 282 329 329 377 377 424 424 477 478 523 523 570
622,jump_jack,train,stu7_32.mp4,UpH7rm0cYbM,54.0,112.0,10.0,0 25 25 64 647 676 676 705 706 734
623,push_up,train,stu6_37.mp4,0I5Sbp8-OWw,58.0,90.0,3.0,278 384 463
624,squat,train,test2331.mp4,,,,2.0,1 73
625,bench_pressing,train,stu7_5.mp4,eZFx5bMqZr4,204.0,264.0,10.0,25 146 146 262 273 380 386 550 550 657
626,bench_pressing,train,stu7_9.mp4,To4A9o5Qz_U,20.0,80.0,10.0,76 167 167 227 227 292 293 355 355 420
627,push_up,train,stu1_48.mp4,gWuLwaO31zo,5.0,62.0,111.0,80 93 93 105 105 114 114 124 124 134 134 145 145 157 157 167 167 176 176 186 186 201 201 213 213 223 223 234 234 244 244 254 254 264 264 273 273 282 282 293 293 306 306 317 317 327 327 337 337 346 346 356 356 367 367 377 377 388 388 398 398 408 408 418 418 430 430 440 440 451 451 460 460 471 471 481 481 492 492 503 503 512 512 522 522 531 531 542 542 554 554 565 565 577 577 587 587 598 598 608 608 619 619 630 630 639 639 650 650 659 659
628,push_up,train,stu4_49.mp4,vpOsf18DMic,78.0,110.0,8.0,228 294 296 369 380 450 464 531
630,jump_jack,train,stu10_26.mp4,HlK2RfA1R1U,6.0,55.0,33.0,52 90 90 124 125 159 159 192 192 227 227 263 263 298 298 333 333 369 369 401 402 439 439 475 475 511 511 548 548 583 583 619 619
631,pull_up,train,stu9_37.mp4,gQZ6rcKRP1Y,0.0,50.0,15.0,92 178 178 271 271 359 359 439 439 524 524 615 616 707 707
632,bench_pressing,train,stu3_4.mp4,Ir2Tw39vyYE,70.0,95.0,4.0,32 94 94 138
633,push_up,train,val914.mp4,,,,2.0,0 22
634,squat,train,stu6_66.mp4,LSj280OEKUI,25.0,79.0,21.0,112 201 206 265 269 315 317 359 360 411 413 467 468 514 514 557 560 608 611 664 750
635,jump_jack,train,stu3_19.mp4,5--phaDDbNg,0.0,24.0,5.0,1 111 111 224 224
636,bench_pressing,train,test142.mp4,,,,2.0,5 93
637,pull_up,train,stu6_31.mp4,Osc3GEVu-L4,23.0,48.0,20.0,30 65 65 95 95 123 123 158 159 186 186 217 218 252 252 283 283 314 315 343
638,front_raise,train,stu9_15.mp4,B8GxMXAa3zw,1.0,23.0,3.0,0 184 184
639,front_raise,train,test587.mp4,,,,3.0,7 115 115
640,bench_pressing,train,train168.mp4,,,,4.0,14 37 37 61
641,bench_pressing,train,stu7_12.mp4,Y_Op9NRLx1I,16.0,76.0,15.0,30 100 102 161 164 231 232 289 292 365 530 598 599 647 647
643,jump_jack,train,train1604.mp4,,,,10.0,2 17 18 41 42 64 65 87 87 110
644,jump_jack,train,stu10_29.mp4,qv7mM4nii3k,58.0,97.0,34.0,9 41 41 74 74 108 108 138 138 170 170 203 203 236 236 268 268 301 301 333 333 367 367 400 400 433 434 466 466 502 502 534 534 568
645,front_raise,train,stu3_12.mp4,QoVwjxY245c,0.0,22.0,2.0,155 389
646,front_raise,train,stu4_8.mp4,gawyFUPM3NI,1.0,16.0,3.0,40 134 137
647,squat,train,stu10_68.mp4,H0wWFYnmsqI,190.0,246.0,20.0,121 208 208 273 273 342 343 419 419 491 492 568 569 642 643 709 709 779 779 856
648,jump_jack,train,train1715.mp4,,,,10.0,1 29 31 60 61 85 87 111 113 142
649,bench_pressing,train,stu9_11.mp4,zB3-W1lPvng,21.0,81.0,15.0,368 430 431 474 474 525 525 583 583 640 814 871 871 923 924
650,push_up,train,stu1_44.mp4,3Gz_k31lazA,85.0,115.0,6.0,172 236 236 303 303 396
651,squat,train,stu9_66.mp4,Eir-KRad0zw,120.0,180.0,35.0,9 55 55 103 103 150 150 197 197 248 248 297 297 342 342 391 391 442 442 492 492 537 537 586 586 636 636 682 682 733 733 781 781 835 835
652,squat,train,train3912.mp4,,,,4.0,5 87 87 137
653,push_up,train,stu6_40.mp4,h5gWnuYEceY,32.0,85.0,8.0,59 151 155 262 265 364 364 463
654,squat,train,test2298.mp4,,,,2.0,22 94
0,bench_pressing,val,stu3_3.mp4,HOygb9XEZXE,4.0,64.0,9.0,371 509 509 621 621 744 744 867 867
1,jump_jack,val,stu5_24.mp4,N7TF8UHZDZE,0.0,9.0,3.0,97 120 120
2,front_raise,val,stu2_15.mp4,0pTGpkvoaoE,0.0,21.0,8.0,80 147 147 203 203 264 264 321
3,pull_up,val,stu5_40.mp4,vTkomI68dWQ,30.0,68.0,17.0,340 384 384 415 415 446 446 481 481 513 513 549 549 584 584 621 621
4,squat,val,stu4_70.mp4,SqWmiiHqT8w,14.0,74.0,44.0,87 144 145 183 185 226 229 266 268 304 308 333 333 373 373 413 413 449 449 487 487 530 530 564 564 597 597 639 639 679 679 710 710 750 750 794 794 826 826 864 864 904 904 936
5,bench_pressing,val,stu7_1.mp4,0oDQbTqurS8,42.0,76.0,10.0,17 81 90 179 207 276 296 388 426 500
6,push_up,val,train2720.mp4,,,,10.0,1 26 26 54 54 84 84 113 113 146
7,bench_pressing,val,stu9_8.mp4,Wu8PpfmEuKo,41.0,72.0,12.0,33 102 102 184 184 251 251 300 300 355 355 403
8,push_up,val,stu1_47.mp4,Dv19diO2OYM,151.0,171.0,6.0,63 138 138 216 216 300
9,squat,val,train3946.mp4,,,,2.0,5 80
10,pull_up,val,train2481.mp4,,,,1.0,70
11,situp,val,stu10_56.mp4,CD3798IN_HM,0.0,49.0,24.0,5 72 72 133 134 195 196 264 264 318 318 378 378 437 437 494 494 552 553 611 611 668 669 730
12,bench_pressing,val,stu8_7.mp4,p311ZaPEu0o,0.0,22.0,5.0,1 61 61 167 167
13,situp,val,stu2_57.mp4,fmT4bXeoB_g,0.0,17.0,3.0,0 98 99
14,front_raise,val,stu2_23.mp4,Z0HTsZEMedA,30.0,50.0,6.0,6 113 113 221 221 316
15,jump_jack,val,stu1_26.mp4,niZblwm4fDI,27.0,34.0,4.0,58 87 87 117
16,front_raise,val,stu6_7.mp4,DiNYcgchguo,207.0,218.0,5.0,6 50 50 94 94
17,front_raise,val,stu9_18.mp4,c2oGeLi8L8I,1.0,55.0,23.0,28 72 121 166 166 204 339 384 384 423 423 462 463 508 508 554 554 602 649 690 690 730 730
18,pull_up,val,stu8_37.mp4,Aj8w6fWUI84,320.0,365.0,10.0,122 231 231 315 315 402 402 493 493 580
19,front_raise,val,stu7_19.mp4,gzDawZwDC6Y,26.0,58.0,4.0,15 314 318 512
20,front_raise,val,stu7_16.mp4,bDHDzaMnfYg,0.0,10.0,4.0,0 62 63 114
21,situp,val,test2023.mp4,,,,4.0,0 43 43 98
22,push_up,val,stu10_44.mp4,E1IbDt4HElo,233.0,283.0,40.0,0 24 24 49 49 76 76 86 86 94 94 103 103 114 114 124 125 134 134 145 387 422 422 447 447 478 478 487 487 496 497 505 505 514 514 522 522 531 531 543
23,pull_up,val,train2542.mp4,,,,1.0,5
24,front_raise,val,stu5_17.mp4,X90uZhR3lQg,1.0,14.0,4.0,0 51 51 136
25,squat,val,stu6_57.mp4,2xxfD9X9Puc,48.0,100.0,15.0,45 126 127 210 210 275 275 358 358 421 421 494 496 564 564
26,pull_up,val,stu1_38.mp4,sDiJmPImQt0,0.0,45.0,19.0,410 457 457 497 497 533 533 574 574 612 612 645 645 692 692 731 731 779 779
27,front_raise,val,stu2_21.mp4,rxV3wbFwqOA,0.0,21.0,4.0,8 112 112 237
28,squat,val,stu7_66.mp4,npDyZO28UzU,42.0,75.0,13.0,6 65 65 134 138 202 209 293 295 374 377 446 446
29,squat,val,stu6_61.mp4,Eir-KRad0zw,304.0,360.0,19.0,150 199 200 247 248 297 298 344 344 400 400 449 450 511 512 572 830 893 894
30,squat,val,stu8_62.mp4,cofXeYnvpa4,100.0,160.0,22.0,161 226 226 281 281 346 346 419 419 506 506 576 576 650 650 719 719 796 796 861 861 937
31,bench_pressing,val,test159.mp4,,,,3.0,6 52 52
32,push_up,val,stu10_47.mp4,oUsEYFLBn-M,67.0,127.0,21.0,134 210 210 289 289 354 354 414 489 555 555 617 617 680 680 734 747 828 828 896 896
33,squat,val,train3921.mp4,,,,4.0,17 77 78 144
34,jump_jack,val,stu9_32.mp4,iSSAk4XCsRA,11.0,30.0,7.0,53 190 220 305 305 341 341
35,squat,val,stu10_63.mp4,8F8GNWaN_Qs,45.0,85.0,16.0,9 102 102 173 174 241 241 313 313 388 389 464 464 542 542 620
36,push_up,val,stu9_55.mp4,wyEw4nHGsvc,46.0,86.0,14.0,77 115 115 155 155 203 203 259 259 307 307 372 515 570
37,jump_jack,val,stu5_21.mp4,G2OuBWS5jx0,1.0,13.0,14.0,8 36 36 60 60 85 85 108 109 133 133 156 156 180
39,push_up,val,stu5_45.mp4,i282lgAuzZI,35.0,85.0,7.0,69 234 234 375 375 532 532
40,pull_up,val,stu7_43.mp4,Zsm9Vip9L7E,110.0,145.0,23.0,88 130 130 160 160 189 189 219 219 246 247 281 282 313 313 345 345 379 379 412 412 444 445
41,front_raise,val,stu1_17.mp4,G-piLwLu0d4,0.0,12.0,6.0,5 39 39 85 85 129
42,push_up,val,train2748.mp4,,,,5.0,3 60 60 112 112
43,jump_jack,val,stu6_17.mp4,c4DAnQ6DtF8,0.0,30.0,19.0,71 103 103 132 132 165 165 195 195 227 228 255 263 294 295 325 325 355 356
44,front_raise,val,train1025.mp4,,,,3.0,0 102 102
45,push_up,val,val901.mp4,,,,7.0,0 43 43 76 76 106 106
46,push_up,val,stu3_50.mp4,wS6Kp3k-zV8,10.0,60.0,28.0,21 49 49 89 89 123 123 155 155 192 192 226 226 264 264 309 309 347 347 387 387 435 435 481 481 532 532 569
47,pull_up,val,stu5_36.mp4,gm8rn3KbMog,107.0,126.0,6.0,48 105 105 176 176 259
48,squat,val,stu3_66.mp4,QifjltKUMCk,150.0,180.0,9.0,180 227 227 282 282 337 337 391 392
49,bench_pressing,val,stu6_4.mp4,ypOHNCEy4uY,92.0,122.0,5.0,141 216 216 271 271
50,squat,val,stu5_71.mp4,YlPYj7dwNmo,510.0,553.0,19.0,19 64 64 118 118 185 185 244 244 308 308 369 369 425 425 486 486 539 539
51,jump_jack,val,stu5_19.mp4,7_t8bEmupUs,0.0,20.0,18.0,17 51 51 80 80 110 110 143 143 175 175 205 205 239 239 268 268 303
52,bench_pressing,val,stu10_8.mp4,UTPA2qwFAw8,42.0,62.0,4.0,0 51 51 149
53,jump_jack,val,stu6_16.mp4,5sL90M-Fv_8,77.0,137.0,66.0,19 56 57 83 83 111 111 139 139 166 166 195 195 220 220 247 247 274 274 303 303 329 329 357 357 384 384 411 411 438 438 466 466 492 492 517 517 545 545 570 570 597 597 624 624 649 649 675 675 704 704 729 729 756 756 782 783 809 809 835 835 863 863 888 888 916
54,situp,val,stu3_54.mp4,C1L2bk-m9gs,22.0,55.0,8.0,10 56 56 94 94 127 127 163
55,pull_up,val,stu1_34.mp4,Iy4JxEX6H1k,0.0,50.0,13.0,16 63 63 109 109 157 333 420 420 464 464 512 839
56,situp,val,stu1_57.mp4,9KhAbjskhXs,0.0,56.0,40.0,99 129 129 161 161 195 195 229 229 263 263 297 297 330 330 366 366 405 405 440 440 477 477 515 515 551 551 590 590 627 627 661 661 698 698 738 738 776 776 812
58,front_raise,val,test571.mp4,,,,3.0,0 94 94
59,situp,val,train3348.mp4,,,,1.0,235
60,bench_pressing,val,stu8_14.mp4,x5Li6W-NQ-M,0.0,25.0,13.0,0 46 46 103 103 158 158 207 207 251 251 293 293
61,push_up,val,stu8_47.mp4,XG27Qu0WBNM,30.0,91.0,18.0,11 188 188 274 274 373 373 472 472 560 560 650 650 731 731 824 824 918
62,push_up,val,stu10_42.mp4,bgszpCJeUbc,302.0,332.0,11.0,0 42 42 80 80 111 276 329 330 367 367
63,jump_jack,val,stu7_26.mp4,7ZNxd6ECYsQ,29.0,61.0,39.0,0 22 22 41 42 59 59 79 79 98 98 116 117 137 137 157 157 175 175 195 196 213 214 232 233 251 251 270 271 289 290 306 308 324 325 341 341 359 360
64,situp,val,stu6_48.mp4,2Nw_ZpVd644,0.0,11.0,2.0,67 178
65,push_up,val,test1595.mp4,,,,3.0,3 61 62
66,situp,val,stu7_53.mp4,ByHl3QuBkQY,0.0,48.0,17.0,229 296 297 362 362 429 429 497 498 569 570 638 639 712 712 778 778
67,situp,val,stu2_59.mp4,LPsepk-C-d4,33.0,60.0,8.0,20 210 210 362 362 469 469 537
68,pull_up,val,stu7_36.mp4,dIt_AhchIyQ,0.0,55.0,20.0,50 109 110 159 159 211 211 266 266 330 330 408 408 481 481 550 551 615 615 685
69,front_raise,val,stu3_16.mp4,ttvfGg9d76c,43.0,77.0,5.0,32 157 270 464 464
70,pull_up,val,stu1_39.mp4,SEslPcX8Vs0,182.0,242.0,6.0,49 99 99 143 143 190
71,front_raise,val,stu1_19.mp4,qmFQTDYwpsg,90.0,118.0,3.0,89 176 202
72,situp,val,stu5_59.mp4,NJcP4IMarlE,90.0,126.0,36.0,27 50 50 75 75 93 93 115 115 141 141 162 162 184 184 207 207 231 231 253 253 274 274 298 298 319 319 343 343 364 364 389 389 411 411 433
73,squat,val,stu10_67.mp4,e1UYgO67zkw,163.0,181.0,6.0,1 84 84 174 174 267
74,squat,val,stu7_65.mp4,bIO-Ept_l-Y,100.0,130.0,9.0,154 213 216 269 272 315 331 391 392
75,pull_up,val,stu10_34.mp4,0XcS8-WLBKU,10.0,32.0,7.0,130 175 175 220 220 270 270
76,situp,val,stu8_52.mp4,IhyUCG6I-MM,207.0,267.0,47.0,53 90 90 129 129 165 165 202 202 239 239 274 274 314 314 351 351 386 386 424 424 460 460 492 492 528 528 566 566 604 604 646 646 681 681 718 718 754 754 788 788 824 824 857 857 895 895
77,pull_up,val,stu6_34.mp4,XeErfmGSwfE,0.0,75.0,11.0,1 40 40 77 77 113 1026 1062 1062 1101 1101
78,front_raise,val,stu4_11.mp4,tUjAhvyEo-k,0.0,22.0,4.0,25 141 143 241
79,jump_jack,val,stu4_22.mp4,NeN8c-94EOo,0.0,7.0,7.0,3 29 29 52 52 72 72
80,push_up,val,stu8_43.mp4,JMYUQF6oILs,105.0,141.0,25.0,185 216 216 244 244 269 269 296 296 324 324 350 350 376 376 403 403 434 434 460 460 486 486 519 519
81,push_up,val,stu4_40.mp4,CS7NszePBmo,20.0,60.0,6.0,33 99 329 390 395 431
82,bench_pressing,val,stu5_5.mp4,29Qd3OaUp10,510.0,555.0,30.0,110 150 150 183 183 213 213 244 245 273 273 302 302 334 334 363 363 393 393 423 423 452 452 483 483 510 510 542 542 571
83,front_raise,val,stu9_13.mp4,,,,2.0,60 138
84,squat,val,train3898.mp4,,,,2.0,98 194
85,situp,val,stu2_56.mp4,DpOnrc9mRU8,1.0,61.0,19.0,68 151 151 237 237 319 319 398 398 485 485 578 578 657 657 743 743 833 834
86,jump_jack,val,stu6_21.mp4,pD8R3oYSJ3s,19.0,31.0,7.0,37 59 59 87 87 112 212
87,jump_jack,val,train1630.mp4,,,,11.0,1 23 23 42 42 58 59 77 77 93 94
88,situp,val,val1093.mp4,,,,5.0,5 59 59 112 112
89,squat,val,test2349.mp4,,,,6.0,2 30 31 53 53 73
90,situp,val,stu3_52.mp4,,,,26.0,59 95 95 120 120 141 141 167 167 189 189 209 209 237 237 261 261 285 291 319 319 345 345 376 376 395
91,push_up,val,train2711.mp4,,,,5.0,17 70 70 133 134
92,pull_up,val,stu10_39.mp4,QzkLvnSQpYo,90.0,129.0,10.0,62 102 102 139 139 181 181 223 223 269
93,jump_jack,val,stu2_27.mp4,2exqllN9vq0,13.0,101.0,100.0,26 66 66 93 93 118 118 144 144 170 170 196 196 222 222 248 248 273 273 298 298 325 325 352 352 378 378 406 406 431 431 457 457 481 481 509 510 534 534 560 560 585 585 610 610 637 637 658 658 686 686 712 712 738 738 764 764 789 789 816 816 841 841 866 866 892 892 917 917 944 944 967 967 993 993 1018 1018 1045 1045 1067 1067 1094 1094 1117 1117 1144 1144 1171 1171 1197 1197 1225 1225 1251 1251 1276 1276 1299 1299 1327
94,squat,val,stu9_67.mp4,hmG1aX0cHj8,223.0,234.0,0.0,
95,pull_up,val,stu1_37.mp4,oYpSV-_gBaE,10.0,70.0,18.0,48 89 89 145 145 211 211 279 279 356 356 427 427 516 516 596 596 674
96,front_raise,val,stu10_13.mp4,3VcKaXpzqRo,65.0,89.0,3.0,11 314 314
97,bench_pressing,val,stu3_2.mp4,apalI62Jpig,40.0,71.0,3.0,363 473 500
98,front_raise,val,stu9_19.mp4,cdKAwIwgrGc,38.0,62.0,7.0,34 119 119 191 191 273 273
100,bench_pressing,val,stu5_9.mp4,YGtmED5u7Fs,131.0,191.0,18.0,59 120 120 197 197 288 288 344 344 433 433 506 506 572 572 654 654 735
101,squat,val,stu10_69.mp4,SqWmiiHqT8w,300.0,364.0,39.0,117 162 162 201 201 239 239 276 276 313 314 350 350 389 389 426 426 464 464 503 503 546 546 588 588 631 631 671 671 714 714 758 758 796 796 836 836 885 885
103,situp,val,stu4_59.mp4,vlMbsyQGSD4,0.0,52.0,7.0,487 685 714 862 869 988 995
105,front_raise,val,train990.mp4,,,,4.0,87 133 134 175
106,push_up,val,train2716.mp4,,,,10.0,1 32 32 62 62 90 90 121 121 154
107,front_raise,val,train1010.mp4,,,,6.0,25 68 68 115 115 158
109,jump_jack,val,stu5_26.mp4,sgYXpcQNPNw,19.0,75.0,42.0,0 34 34 65 65 98 98 132 133 165 165 224 224 277 277 326 326 383 383 438 438 496 496 536 536 561 561 588 588 612 612 640 640 666 666 693 693 719 719 747 747 776
110,push_up,val,stu6_47.mp4,XwAOWSsslMU,0.0,16.0,3.0,263 324 325
111,jump_jack,val,stu5_22.mp4,hdH-l5Tn4Nk,0.0,16.0,11.0,43 72 72 96 96 120 120 143 143 167 167
112,situp,val,stu8_54.mp4,N9l-_jt3WNE,20.0,55.0,3.0,751 866 866
113,bench_pressing,val,stu1_8.mp4,UTPA2qwFAw8,95.0,115.0,4.0,34 101 101 169
114,bench_pressing,val,stu9_9.mp4,Wu8PpfmEuKo,81.0,115.0,12.0,132 206 206 261 262 312 312 364 365 416 416 467
115,jump_jack,val,stu7_24.mp4,,,,40.0,21 60 61 86 86 110 110 134 135 157 158 180 180 204 204 228 228 251 252 273 274 296 297 320 321 344 344 368 368 391 392 416 417 440 441 464 465 488 488 511
0,situp,test,train3344.mp4,,,,14.0,1 23 23 40 40 58 59 75 75 92 92 109 109 126
1,push_up,test,stu8_42.mp4,BVuI-syjR6A,0.0,15.0,6.0,0 42 42 88 88 142
2,pull_up,test,stu2_39.mp4,BU-X16wG-Jo,138.0,156.0,6.0,41 109 109 190 190 258
3,bench_pressing,test,train151.mp4,,,,3.0,13 33 33
4,jump_jack,test,train1615.mp4,,,,10.0,0 25 27 57 58 85 87 117 118 148
5,push_up,test,train2737.mp4,,,,3.0,5 142 142
6,situp,test,stu3_53.mp4,0-aFiupMZqI,125.0,164.0,11.0,74 194 194 256 256 305 305 355 355 423 423
7,jump_jack,test,stu5_23.mp4,mFL0qYIHfE0,50.0,100.0,52.0,6 38 38 69 69 98 98 127 127 156 156 185 186 214 214 244 244 273 273 302 302 329 329 359 359 385 386 416 416 442 442 470 470 498 498 526 526 555 555 584 584 612 612 640 640 668 668 695 695 725 725 753
8,squat,test,val1244.mp4,,,,1.0,5
9,bench_pressing,test,train143.mp4,,,,0.0,
10,situp,test,stu9_57.mp4,ANGD-wByZcw,291.0,318.0,43.0,59 74 74 88 88 103 103 120 120 137 137 156 156 173 173 194 194 206 207 222 222 239 239 256 256 276 276 308 309 322 322 337 337 352 352 368 368 384 384 400 400 415 416
11,squat,test,val1257.mp4,,,,2.0,5 112
12,bench_pressing,test,stu4_5.mp4,R2zm0drVcmU,50.0,90.0,51.0,48 73 73 96 97 118 118 142 143 162 162 180 180 198 198 216 216 240 241 259 260 278 278 302 302 323 323 342 343 362 362 379 379 403 403 418 418 446 446 464 464 482 482 504 505 526 527 544 544 564 564
13,front_raise,test,stu10_17.mp4,b_LEX4n9lOs,37.0,67.0,11.0,6 105 105 177 177 242 242 317 317 392 392
14,jump_jack,test,stu4_27.mp4,Xb5G1vzRTrY,22.0,80.0,56.0,35 78 78 106 106 135 135 164 164 194 194 222 223 253 254 282 283 312 312 343 343 370 370 400 400 429 429 460 460 491 491 521 521 550 550 579 579 605 605 637 637 669 670 699 699 729 729 757 757 789 789 818 818 848 848 877
15,bench_pressing,test,test135.mp4,,,,4.0,3 33 33 83
16,bench_pressing,test,stu7_4.mp4,6v4PbnCsOGI,0.0,30.0,8.0,300 368 368 424 424 478 479 537
17,push_up,test,stu7_45.mp4,4I_2uPlkJsA,32.0,62.0,3.0,46 140 140
18,squat,test,stu9_64.mp4,64Y98mkzAWk,470.0,511.0,14.0,61 126 127 203 203 273 273 345 345 426 426 515 515 594
19,push_up,test,stu9_52.mp4,RDSKGKc5DpM,33.0,70.0,57.0,5 22 22 41 41 58 58 76 76 93 93 111 111 127 128 146 146 162 162 179 179 197 197 213 213 231 231 248 249 266 266 282 282 301 301 319 319 334 334 351 351 369 369 385 385 403 403 421 421 438 438 457 457 475 475 494 494
20,jump_jack,test,stu1_27.mp4,vbz0_d_7Lzc,4.0,14.0,7.0,48 98 98 130 130 162 162
21,front_raise,test,stu10_24.mp4,zpUTA5i16kA,210.0,244.0,14.0,60 97 97 131 131 162 162 194 243 292 292 326 326 361
22,jump_jack,test,stu10_25.mp4,CEpUYTO01A8,25.0,42.0,7.0,34 124 124 198 198 259 259
23,push_up,test,stu9_48.mp4,Jf5_PJCFs-g,10.0,69.0,27.0,18 71 71 116 116 163 163 206 206 256 256 302 302 372 372 417 417 463 463 505 505 562 562 610 610 653 653
24,push_up,test,stu10_48.mp4,Qlj6j8NA8_w,90.0,120.0,5.0,244 322 322 368 368
25,pull_up,test,train2508.mp4,,,,4.0,41 90 90 133
26,pull_up,test,stu10_36.mp4,E3g_r_72q-Y,0.0,57.0,29.0,6 45 45 77 77 108 108 139 139 172 172 203 203 237 237 269 269 302 302 334 334 368 368 403 403 438 438 474 474
27,squat,test,stu6_63.mp4,IzK2dHUd6R0,149.0,186.0,17.0,2 59 66 128 133 237 240 282 286 342 347 405 411 474 487 537 543
28,squat,test,stu4_69.mp4,SMeEtdhf6Bk,30.0,40.0,2.0,16 93
29,jump_jack,test,stu3_31.mp4,vZ6ED9aBsBg,50.0,91.0,92.0,39 52 52 64 64 77 77 89 89 102 102 114 114 127 127 140 140 153 153 166 166 178 178 191 191 203 203 216 217 229 229 242 242 254 254 267 267 280 280 293 293 306 306 319 319 331 331 344 344 357 357 370 370 383 383 395 395 408 408 421 421 433 433 446 446 459 459 472 472 484 484 497 497 510 510 523 523 535 535 548 548 561 561 574 574 587 587 600 600 612 612 625
30,bench_pressing,test,stu10_5.mp4,bwgHfdING5E,69.0,124.0,16.0,58 123 124 223 223 337 607 672 673 722 722 799 843 908 909 943
31,push_up,test,stu5_47.mp4,qEmznUhN6IE,70.0,130.0,30.0,0 52 52 112 112 174 174 245 245 300 300 354 354 424 424 490 490 552 587 619 619 651 651 683 683 717 717 767 767 831
32,jump_jack,test,stu6_15.mp4,1b98WrRrmUs,8.0,23.0,12.0,62 97 97 124 124 147 148 170 171 190 190 213
33,squat,test,stu8_70.mp4,Uv_DKDl7EjA,460.0,510.0,4.0,439 636 636 819
34,pull_up,test,stu8_38.mp4,CpwK4m3aXWg,97.0,157.0,16.0,185 228 228 294 294 356 356 423 423 513 513 600 600 663 663 744
35,squat,test,stu4_64.mp4,DKaFjIwPvUc,333.0,370.0,14.0,258 304 305 348 349 388 388 427 429 469 470 504 505 543
36,squat,test,stu5_62.mp4,3aWeFsczEso,8.0,60.0,32.0,74 104 104 134 134 171 171 204 204 236 236 268 268 302 302 337 337 371 371 407 407 446 446 479 479 512 512 546 546 583 583 619
37,bench_pressing,test,stu10_1.mp4,2bYXrbL6NP8,0.0,30.0,2.0,88 397
39,situp,test,stu2_55.mp4,,,,30.0,33 60 60 78 78 98 98 123 123 144 144 165 165 187 187 210 210 231 232 253 442 476 476 500 500 520 520 542 542 564
40,jump_jack,test,stu2_25.mp4,,,,58.0,14 41 41 65 65 87 87 110 110 133 133 156 156 179 179 201 202 224 224 246 246 268 268 289 289 313 314 334 334 358 358 381 381 403 403 426 427 449 449 472 472 493 493 516 516 539 539 561 561 584 584 607 608 628 628 653 654 677
41,pull_up,test,stu6_30.mp4,LFjsIG7DfAc,0.0,41.0,2.0,102 181
42,bench_pressing,test,stu8_9.mp4,PIt0hOLCIGk,39.0,86.0,28.0,122 151 151 182 182 213 213 240 240 273 273 305 305 336 336 368 368 400 548 660 660 693 693 720 720 755 755 784
43,bench_pressing,test,stu8_12.mp4,V3d_Wrkkkbc,326.0,362.0,3.0,140 202 202
44,front_raise,test,test538.mp4,,,,5.0,8 64 64 122 122
45,jump_jack,test,stu5_18.mp4,7ZNxd6ECYsQ,327.0,359.0,34.0,50 72 72 93 93 112 112 131 131 154 154 175 175 194 194 216 216 236 236 255 255 276 276 297 297 317 317 338 338 358 358 376 376 399
46,jump_jack,test,stu5_27.mp4,_FP1DgYIRM0,235.0,256.0,14.0,0 28 28 53 53 87 87 113 113 143 240 278 278 310
47,bench_pressing,test,stu7_8.mp4,rxD321l2svE,80.0,118.0,8.0,238 365 388 508 515 619 624 723
48,pull_up,test,stu9_36.mp4,gm8rn3KbMog,128.0,158.0,11.0,20 82 82 144 144 202 202 261 261 323 323
49,pull_up,test,stu1_40.mp4,sw-TggRzcYw,0.0,14.0,8.0,19 54 54 89 89 127 127 158
50,front_raise,test,test536.mp4,,,,6.0,21 69 69 112 112 158
51,squat,test,stu4_63.mp4,DKaFjIwPvUc,30.0,65.0,14.0,336 385 387 427 428 469 470 517 518 561 561 604 605 645
52,push_up,test,stu4_46.mp4,QxzmbsZ0vDw,0.0,60.0,45.0,127 144 144 163 163 185 185 209 209 233 233 253 253 273 273 290 291 314 315 333 334 356 356 379 380 398 398 420 422 443 604 629 630 652 654 672 673 692 694 714 716 732 734 751 754
53,situp,test,stu3_58.mp4,sgzImPVFpKc,0.0,58.0,42.0,14 63 63 101 101 142 142 177 177 216 216 256 256 297 297 337 337 377 377 417 417 456 456 497 497 536 536 577 577 613 613 655 655 695 695 738 738 777 777 823 823 863
54,jump_jack,test,stu7_30.mp4,mlIolKgyCeY,1.0,15.0,15.0,13 42 42 70 70 96 96 122 122 149 149 176 176 201 201
55,bench_pressing,test,stu8_10.mp4,SSfzFHtmtTc,0.0,40.0,11.0,118 213 214 345 345 427 427 520 520 630 630
56,front_raise,test,stu5_12.mp4,BleF0f8qaDk,93.0,115.0,5.0,34 152 152 255 255
58,jump_jack,test,train1665.mp4,,,,3.0,25 74 75
59,situp,test,stu1_59.mp4,GZ0MikcaKEM,0.0,59.0,18.0,140 235 235 305 305 389 389 474 474 562 562 643 643 732 732 808 808 895
60,situp,test,test2025.mp4,,,,5.0,0 49 49 106 106
61,bench_pressing,test,stu10_6.mp4,FoSDqvGSEh0,0.0,32.0,4.0,726 790 791 848
62,squat,test,stu8_71.mp4,YHrWBBSrar8,1.0,11.0,4.0,1 53 53 128
63,situp,test,stu7_52.mp4,AErtEV69HT8,100.0,132.0,10.0,64 119 120 186 186 249 250 318 318 388
64,jump_jack,test,stu4_19.mp4,dx3zOWdOw_A,300.0,330.0,32.0,14 40 40 64 64 86 86 110 110 134 134 153 153 178 178 202 202 226 226 249 249 273 273 293 293 318 318 339 339 362 363 385
65,front_raise,test,stu3_10.mp4,LJcX054ijjk,0.0,20.0,5.0,33 95 95 149 149
66,squat,test,test2315.mp4,,,,3.0,0 60 86
67,push_up,test,stu8_45.mp4,UNTsC_BxDBs,14.0,44.0,11.0,24 52 52 81 81 121 121 158 158 201 201
68,squat,test,test2320.mp4,,,,4.0,20 70 70 129
69,pull_up,test,stu4_29.mp4,5yzy-rZsERg,15.0,52.0,5.0,96 196 196 280 943
70,push_up,test,stu9_47.mp4,4nJM7Vl0sVM,50.0,82.0,2.0,475 549
71,jump_jack,test,val579.mp4,,,,3.0,2 31 31
72,situp,test,stu2_62.mp4,O9bIkEQb81c,55.0,116.0,19.0,67 164 164 266 266 344 344 425 425 492 493 566 566 645 645 725 725 802 802
73,squat,test,stu6_68.mp4,vXKI75wAPZM,,,6.0,4 7 8 11 11 14
74,pull_up,test,stu2_34.mp4,,,,17.0,30 84 84 132 132 178 178 222 222 266 266 317 317 358 358 403 403
75,push_up,test,stu10_43.mp4,Dv19diO2OYM,181.0,241.0,17.0,4 106 106 200 200 287 288 376 376 471 471 567 567 664 798 916 916
76,situp,test,test2021.mp4,,,,3.0,20 59 59
77,jump_jack,test,stu3_28.mp4,pJoMCLSjsw4,273.0,305.0,30.0,69 108 108 136 136 164 164 192 192 222 222 251 251 280 280 308 308 335 335 365 365 393 393 422 422 451 451 480 480 509
78,squat,test,stu9_71.mp4,xL9gzijgt3g,20.0,28.0,1.0,33
79,bench_pressing,test,stu2_5.mp4,oluPUORANds,0.0,10.0,3.0,0 53 53
80,pull_up,test,stu9_45.mp4,ZTsDYQrzbag,0.0,33.0,12.0,121 171 171 230 230 291 291 349 349 408 408 463
81,front_raise,test,stu4_12.mp4,vMfLbnc-xhs,20.0,36.0,4.0,33 158 159 261
82,jump_jack,test,stu6_22.mp4,Rd5xn29sxIc,21.0,80.0,64.0,60 96 97 124 124 148 148 174 174 200 200 227 227 255 255 280 280 307 307 334 334 358 358 384 384 411 411 436 436 465 465 491 491 518 518 542 542 570 570 596 596 624 624 649 649 675 675 702 702 727 727 755 755 779 779 806 806 832 833 859 859 886 887 911
83,front_raise,test,stu7_17.mp4,BleF0f8qaDk,49.0,65.0,5.0,14 100 100 195 195
84,bench_pressing,test,stu3_5.mp4,R2zm0drVcmU,110.0,145.0,33.0,61 108 108 136 136 162 162 189 189 214 214 240 240 265 265 291 291 318 318 344 345 370 370 394 394 420 420 447 447 474 474 499 499
85,pull_up,test,stu5_32.mp4,1RaMJG4djSs,19.0,55.0,30.0,8 40 40 74 74 108 108 144 144 171 171 210 210 242 242 279 279 313 313 349 349 385 385 422 422 458 458 493 493 527
86,jump_jack,test,stu9_31.mp4,IiHMvQVE-uA,17.0,28.0,7.0,35 75 75 113 113 141 141
87,push_up,test,stu6_42.mp4,LKLoudXjDXc,22.0,79.0,8.0,29 187 187 367 372 556 556 730
88,bench_pressing,test,stu7_13.mp4,zB3-W1lPvng,240.0,300.0,11.0,69 222 222 359 360 500 503 653 653 756 757
89,squat,test,stu6_65.mp4,kAyPtB2-Jkk,50.0,83.0,19.0,23 63 69 117 123 170 178 222 232 281 291 328 336 384 387 428 431 478 483
90,jump_jack,test,stu3_20.mp4,6zi5Olw5BYQ,2.0,23.0,17.0,38 69 69 100 101 132 132 164 197 229 229 258 258 291 291 323 323
91,squat,test,stu5_68.mp4,un4nVf09WgA,122.0,168.0,20.0,150 208 208 260 260 315 315 365 365 427 427 479 479 533 533 588 588 643 643 696
92,jump_jack,test,stu8_28.mp4,ILw0xV9FjbI,26.0,36.0,7.0,29 51 51 74 74 93 93
93,jump_jack,test,stu6_24.mp4,Vfv084H00QI,298.0,323.0,26.0,0 28 28 56 56 84 84 113 114 141 141 166 166 195 196 227 227 252 252 281 281 307 308 334 334 362
94,push_up,test,stu6_39.mp4,3M7G6ZRaDiA,0.0,49.0,29.0,642 690 691 724 724 753 753 785 785 810 810 840 840 867 867 893 893 924 924 950 951 978 978 1005 1007 1030 1031 1056 1056
95,situp,test,stu3_57.mp4,qN6a17-WhlQ,0.0,26.0,19.0,88 130 130 166 166 201 201 236 236 272 272 306 306 344 344 380 380 415 415
96,push_up,test,train2659.mp4,,,,4.0,6 54 57 150
97,bench_pressing,test,stu8_11.mp4,tnU_fV_LeTo,0.0,38.0,9.0,1 107 107 219 219 311 311 406 406
98,jump_jack,test,stu3_25.mp4,O5rF9oGaq6Q,0.0,44.0,45.0,32 61 61 89 89 118 118 147 147 174 174 203 203 231 231 261 261 288 288 317 317 345 345 373 373 402 402 430 430 456 456 486 486 514 514 542 542 570 570 598 598 626 626 654 654
100,front_raise,test,stu10_19.mp4,mt3DP1n8gXE,3.0,28.0,8.0,24 88 88 153 153 221 221 287
101,jump_jack,test,stu8_25.mp4,4XZCXy9VC4w,42.0,74.0,32.0,32 60 60 88 88 118 118 144 144 174 174 203 203 229 229 259 259 282 282 312 312 339 339 368 368 395 395 424 424 452 452 478
103,pull_up,test,train2534.mp4,,,,2.0,9 162
105,situp,test,stu2_65.mp4,WjzsVGu9j7I,65.0,116.0,8.0,51 328 328 457 457 589 590 726
106,situp,test,train3335.mp4,,,,1.0,0
107,situp,test,stu1_60.mp4,kX2PTGk29PI,0.0,26.0,12.0,27 100 100 167 167 224 224 285 285 350 350 411
109,situp,test,stu10_60.mp4,Q8SHPRSiGaU,0.0,15.0,6.0,1 61 61 128 128 200
110,front_raise,test,stu6_13.mp4,zgq0jPU5YAQ,30.0,55.0,9.0,28 104 104 182 182 265 265 329 329
111,jump_jack,test,stu6_23.mp4,U5vHWCHjCJg,68.0,98.0,34.0,10 33 33 52 52 72 72 93 93 111 111 132 132 153 153 175 175 196 196 215 215 240 240 258 258 279 279 298 299 320 320 340 340 359
112,front_raise,test,stu8_23.mp4,Zau7R6TeQuU,48.0,60.0,3.0,55 133 133
113,squat,test,stu4_68.mp4,mcJatvMdW1o,126.0,170.0,5.0,387 501 585 689 757
114,jump_jack,test,stu9_34.mp4,qc0SNEYLG98,78.0,90.0,8.0,17 52 52 86 86 120 120 153
115,pull_up,test,test1454.mp4,,,,6.0,25 66 66 109 109 151
131,jump_jack,test,stu8_34.mp4,yViQHIlWAyA,0.0,15.0,5.0,40 78 78 101 101
132,situp,test,stu8_57.mp4,zoL7eingzkQ,40.0,53.0,7.0,2 53 53 106 106 160 160
133,push_up,test,stu8_46.mp4,wS6Kp3k-zV8,70.0,112.0,19.0,37 82 82 132 132 196 196 244 244 295 295 340 340 388 388 437 437 490 490
134,push_up,test,stu4_47.mp4,t0QZmiXBC-Q,62.0,120.0,37.0,84 104 105 132 132 156 156 187 188 214 215 241 242 266 267 292 293 319 321 343 344 366 368 396 397 423 424 452 454 476 476 502 504 529 531 556 557
135,bench_pressing,test,stu2_6.mp4,QxLPG9FwAUU,90.0,123.0,4.0,121 438 440 535
136,pull_up,test,stu1_36.mp4,ok0F_-opRFo,104.0,140.0,9.0,52 109 109 165 165 245 245 315 840
